{"en":"{\r\n  \"header\": {\r\n    \"logged_in_as\": \"Logged in as {name}\",\r\n    \"log_out\": \"Log out\",\r\n    \"log_in\": \"Log in\",\r\n    \"sign_up\": \"Sign up\",\r\n    \"view_cart\": \"View cart\",\r\n    \"shopping_basket\": \"Shopping basket\",\r\n    \"search\": \"Type in a keyword\",\r\n    \"account\": \"Account\",\r\n    \"wishlist\": \"Wishlist\",\r\n    \"compare\": \"Compare\",\r\n    \"gift_certificate_cta\": \"Gift Cards\",\r\n    \"home_nav_item\": \"Home\",\r\n    \"shop_nav_item\": \"Shop\",\r\n    \"category_image_text\": \"Shop {category_name}\"\r\n  },\r\n  \"footer\": {\r\n    \"page_nav\": \"Navigation\",\r\n    \"brand_nav\": \"Brands\",\r\n    \"category_nav\": \"Categories\",\r\n    \"social_title\": \"Stay Connected\",\r\n    \"subscribe\": \"Subscribe\",\r\n    \"view_all\": \"View all\",\r\n    \"credits\": \"{theme_name} theme by {theme_author}, Powered by {theme_platform}\"\r\n  },\r\n  \"home\": {\r\n    \"heading\": \"Home\",\r\n    \"new_products\": \"New Arrivals\",\r\n    \"featured_products\": \"Featured Collection\",\r\n    \"best_sellers\": \"Best Sellers\",\r\n    \"social_feeds_title\": \"Stay Connected\"\r\n  },\r\n  \"login\": {\r\n    \"heading\": \"Sign in / Register\"\r\n  },\r\n  \"newsletter\": {\r\n    \"subscribe\": \"Subscribe to our newsletter\",\r\n    \"submit\": \"Subscribe\",\r\n    \"email_placeholder\": \"yourname@email.com\",\r\n    \"subscribed_heading\": \"Thanks for Subscribing!\",\r\n    \"subscribed_heading_error\": \"Oops...\",\r\n    \"subscribed_message\": \"Thank you for joining our mailing list. You'll be sent the next issue of our newsletter shortly\"\r\n  },\r\n  \"blog\": {\r\n    \"recent_posts\": \"Recent Posts\",\r\n    \"read_more_text\": \"Read More\",\r\n    \"tags\": \"Tags:\",\r\n    \"share\": \"Share:\",\r\n    \"author\": \"by {author}\"\r\n  },\r\n  \"cart\": {\r\n    \"title\": \"Your basket\",\r\n    \"items\": \"{NUM, plural, =0{(0 items)} one {(# item)} other {(# items)}}\",\r\n    \"label\": \"Cart\",\r\n    \"product_info\": \"Product Info\",\r\n    \"options\": \"Options\",\r\n    \"update_options\": \"Update options\",\r\n    \"reconfigure_product\": \"Configure {name}\",\r\n    \"save_options\": \"Save options\",\r\n    \"quantity\": \"Quantity\",\r\n    \"unit_price\": \"Unit price\",\r\n    \"total\": \"Total\",\r\n    \"price\": \"Price\",\r\n    \"update\": \"Update Cart\",\r\n    \"sub_total\": \"Sub-total\",\r\n    \"discount\": \"Discount:\",\r\n    \"grand_total\": \"Grand total\",\r\n    \"checkout\": \"Checkout\",\r\n    \"empty\": \"Your cart is empty!\",\r\n    \"keep_shopping\": \"Keep shopping\",\r\n    \"modal_close\": \"Close\",\r\n    \"coupon_codes\": {\r\n      \"label\": \"Coupon: {code}\",\r\n      \"remove\": \"Remove\",\r\n      \"coupon_code\": \"Coupon Code\",\r\n      \"add_code\": \"Add Code\",\r\n      \"change_code\": \"Change\",\r\n      \"enter_code\": \"Enter Your Coupon Code\",\r\n      \"submit\": \"Apply\",\r\n      \"error\": \"Please enter your coupon code.\"\r\n    },\r\n    \"gift_certificates\": {\r\n      \"title\": \"Add gift voucher\",\r\n      \"subtitle\": \"Please enter your gift voucher code and select apply.\",\r\n      \"add_code\": \"Add Certificate\",\r\n      \"gift_certificate\": \"Gift Certificate\",\r\n      \"label\": \"Gift Certificate ({code})\",\r\n      \"enter_code\": \"Enter your certificate code\",\r\n      \"remaining\": \"{amount_remaining} remaining\",\r\n      \"error\": \"Please enter your valid certificate code.\",\r\n      \"remove\": \"Remove\",\r\n      \"submit\": \"Apply\"\r\n    },\r\n    \"shipping_calculator\": {\r\n      \"title\": \"Shipping\",\r\n      \"subtitle\": \"Please enter your shipping address to calculate your shipping cost.\",\r\n      \"methods\": \"Shipping Methods\",\r\n      \"add_info\": \"Add Info\",\r\n      \"apply\": \"Apply\",\r\n      \"change_info\": \"Change\",\r\n      \"select_a_country\": \"Choose a Country\",\r\n      \"select_a_state\": \"Choose a State/Province\",\r\n      \"enter_a_state\": \"Enter State/Province\",\r\n      \"estimate_shipping\": \"Estimate Shipping\",\r\n      \"zip_postal_code\": \"Zip/Postcode\",\r\n      \"error\": \"Error\"\r\n    },\r\n    \"gift_wrapping\": {\r\n      \"title\": \"Gift wrapping\",\r\n      \"add\": \"Add gift wrapping\",\r\n      \"change\": \"Change\",\r\n      \"change_or\": \"/\",\r\n      \"remove\": \"Remove\",\r\n      \"wrapping_type\": \"Gift wrapping - \",\r\n      \"gift_message\": \"Message - \",\r\n      \"choose_how\": \"Please choose how you'd like to have this item gift wrapped.\",\r\n      \"preview\": \"(Preview)\",\r\n      \"remove_confirm\": \"Are you sure you want to remove the gift wrap option from this item?\",\r\n      \"option_same\": \"I'd like to wrap each of these using the same wrapping option\",\r\n      \"option_different\": \"I'd like to gift wrap each item separately\",\r\n      \"item_single\": \"Wrap: {name}\",\r\n      \"item_multiple\": \"Item {index}: {name}\",\r\n      \"choose_type\": \"Select wrapping option\"\r\n    }\r\n  },\r\n  \"common\": {\r\n    \"currency_converter\": \"Currency Converter\",\r\n    \"newsletter_signup\": \"Sign up for our newsletter\",\r\n    \"form_submit\": \"Submit\",\r\n    \"form_cancel\": \"Cancel\",\r\n    \"prices_are_in\": \"Prices are in {CODE}\",\r\n    \"required\": \"*\",\r\n    \"navigation_all\": \"All {name}\",\r\n    \"sorter\": {\r\n      \"sort_by\": \"Sort By:\",\r\n      \"featured\": \"Featured Items\",\r\n      \"top_sellers\": \"Best Selling\",\r\n      \"newest\": \"Newest Items\",\r\n      \"alpha_asc\": \"A to Z\",\r\n      \"alpha_desc\": \"Z to A\",\r\n      \"reviews\": \"By Review\",\r\n      \"price_asc\": \"Price: Ascending\",\r\n      \"price_desc\": \"Price: Descending\"\r\n    }\r\n  },\r\n  \"category\": {\r\n    \"label\": \"Categories\",\r\n    \"empty\": \"No products found.\",\r\n    \"shop_by_price\": \"Shop by price\",\r\n    \"sub_categories\": \"Refine by\",\r\n    \"brands\": \"Brands\",\r\n    \"reset\": \"Reset Filter\"\r\n  },\r\n  \"compare\": {\r\n    \"title\": \"Comparing {num} Products\",\r\n    \"remove\": \"Remove\",\r\n    \"compare_up_to_x_items\": \"Compare up to {num} items:\",\r\n    \"clear_compare\": \"Clear Selection\",\r\n    \"compare_submit\": \"Compare\",\r\n    \"add_more\": \"Add more to compare\",\r\n    \"rating\": \"Rating\",\r\n    \"no_rating\": \"No rating\",\r\n    \"description\": \"Description\"\r\n  },\r\n  \"contact\": {\r\n    \"full_name\": \"Full Name\",\r\n    \"email\": \"Email Address\",\r\n    \"company\": \"Company Name\",\r\n    \"phone\": \"Phone Number\",\r\n    \"order\": \"Order Number\",\r\n    \"rma\": \"RMA Number\",\r\n    \"captcha\": \"Are you human?\",\r\n    \"captcha_desc\": \"Please copy the characters from the image into the text field below. Doing this helps us prevent automated submissions.\",\r\n    \"question\": \"Comments/Questions\",\r\n    \"submit\": \"Submit Form\",\r\n    \"order_placeholder\": \"Order Number\",\r\n    \"phone_placeholder\": \"Phone Number\",\r\n    \"full_name_placeholder\": \"Full Name\",\r\n    \"email_placeholder\": \"Email Address\",\r\n    \"question_placeholder\": \"Comments\",\r\n    \"company_placeholder\": \"Company\",\r\n    \"rma_placeholder\": \"RMA Number\",\r\n    \"successful\": \"Thank you! We've received your feedback and will respond as quickly as possible. <a href=\\\"{shopPath}\\\">Continue</a>.\"\r\n  },\r\n  \"brand\": {\r\n    \"label\": \"Brands\",\r\n    \"view_brands\": \"View all brands\",\r\n    \"empty\": \"No products found.\"\r\n  },\r\n  \"mini_cart\": {\r\n    \"subtotal\": \"Subtotal:\",\r\n    \"view_cart\": \"View basket\",\r\n    \"checkout\": \"Checkout\",\r\n    \"empty\": \"Your basket is empty.\"\r\n  },\r\n  \"page\": {\r\n    \"label\": \"Quick Links\"\r\n  },\r\n  \"product\": {\r\n    \"add_to_cart\": \"Add to Basket\",\r\n    \"added\": \"Added\",\r\n    \"add_to_wishlist\": \"Add to Wishlist\",\r\n    \"additional_info\": \"Additional Info\",\r\n    \"description\": \"Description\",\r\n    \"video\": \"Videos\",\r\n    \"cart_link\": \"View Cart\",\r\n    \"compare\": \"Compare\",\r\n    \"checkout_link\": \"Checkout\",\r\n    \"choose_options\": \"Choose Options\",\r\n    \"current_stock\": \"Current stock:\",\r\n    \"select_an_option\": \"Please Choose An Option\",\r\n    \"quick_view\": \"Quick View\",\r\n    \"including_tax\": \"(inc tax)\",\r\n    \"excluding_tax\": \"(exc tax)\",\r\n    \"sale\": \"Sale\",\r\n    \"none\": \"None\",\r\n    \"sku\": \"SKU\",\r\n    \"warranty\": \"Warranty\",\r\n    \"condition\": \"Condition\",\r\n    \"availability\": \"Availability\",\r\n    \"weight\": \"Weight\",\r\n    \"width\": \"Width\",\r\n    \"height\": \"Height\",\r\n    \"depth\": \"Depth\",\r\n    \"pre_order\": \"Pre-Order Now\",\r\n    \"gift_wrapping_available\": \"Options available\",\r\n    \"gift_wrapping\": \"Gift wrapping\",\r\n    \"shipping\": \"Shipping\",\r\n    \"shipping_fixed\": \"{amount} (Fixed Shipping Cost)\",\r\n    \"shipping_free\": \"Free Shipping\",\r\n    \"shipping_calculated\": \"Calculated at Checkout\",\r\n    \"stars\": \"stars\",\r\n    \"success\": \"*product* has been successfully added to your cart.\",\r\n    \"error_message_stock\": \"Unfortunately, we do not have *quantity* in stock.\",\r\n    \"sold_out\": \"Sold Out\",\r\n    \"preview_variation\": \"Preview Variation\",\r\n    \"reviews_tab_title\": \"Reviews\",\r\n    \"option_unavailable\": \"Please call to order this product\",\r\n    \"quantity\": \"Quantity\",\r\n    \"share\": \"Share:\",\r\n    \"view_full_details\": \"View Full Product Info\",\r\n    \"related_products_heading\": \"Related Products\",\r\n    \"you_save\": \"You save:\",\r\n    \"reviews\": {\r\n      \"write_review\": \"Write a Review\",\r\n      \"no_reviews\": \"Be the first to review this product.\",\r\n      \"title\": \"Reviews ({numReviews})\",\r\n      \"leave_review\": \"leave a review\",\r\n      \"stars_count\": \"{NUM, plural, one {# Star} other {# Stars}}\",\r\n      \"show_more\": \"Show more\",\r\n      \"form\": {\r\n        \"name\": \"Name\",\r\n        \"your_name\": \"Your Name\",\r\n        \"subject\": \"Subject\",\r\n        \"your_subject\": \"Your Review Subject\",\r\n        \"email\": \"Email Address\",\r\n        \"your_email\": \"Your Email Address\",\r\n        \"rating_label\": \"Rating\",\r\n        \"comments\": \"Comments\",\r\n        \"your_comments\": \"Your Comments\",\r\n        \"submit\": \"Submit\",\r\n        \"cancel\": \"Cancel\"\r\n      }\r\n    },\r\n    \"wishlist\": {\r\n      \"add_success\": \"*product* successfully added to wishlist.\",\r\n      \"add_error\": \"*product* could not be added to wishlist.\"\r\n    },\r\n    \"bulk_pricing\": {\r\n      \"title\": \"Bulk Pricing:\",\r\n      \"range\": \"Buy {min} {max, plural, =0{or above} other {- #}}\",\r\n      \"percent\": \"and get {discount} off\",\r\n      \"price\": \"and get {discount} off\",\r\n      \"fixed\": \"and pay only {discount} each\"\r\n    }\r\n  },\r\n  \"search\": {\r\n    \"title\": \"{num, plural, one {# Result} other {# Results}} for - \",\r\n    \"product_results_title\": \"Products\",\r\n    \"content_results_title\": \"Content\",\r\n    \"empty_products\": \"No products that match your search were found.\",\r\n    \"empty_content\": \"No content that matches your search was found.\"\r\n  },\r\n  \"sitemap\": {\r\n    \"title\": \"Sitemap\",\r\n    \"view_all\": \"View All\"\r\n  },\r\n  \"errors\": {\r\n    \"e403\": {\r\n      \"title\": \"Forbidden\",\r\n      \"message\": \"You do not have permission to access this page.\"\r\n    },\r\n    \"e404\": {\r\n      \"title\": \"Page not found\",\r\n      \"message\": \"Uh oh, looks like the page you are looking for has moved or no longer exists.\"\r\n    },\r\n    \"e500\": {\r\n      \"title\": \"Server error\",\r\n      \"message\": \"Store is currently unavailable, please try again in a few minutes.\"\r\n    },\r\n    \"generic\": {\r\n      \"title\": \"Something went wrong\",\r\n      \"message\": \"Sorry, something went wrong when attempting to build this page. Please try again later.\"\r\n    }\r\n  },\r\n  \"faceted_search\": {\r\n    \"clear\": \"Reset Filter\",\r\n    \"show_more\": \"More\",\r\n    \"min_price\": \"Min\",\r\n    \"max_price\": \"Max\",\r\n    \"submit\": \"Apply\",\r\n    \"update\": \"Update\",\r\n    \"show\": \"Show Filters\",\r\n    \"hide\": \"Hide Filters\",\r\n    \"stars\": \"{num, plural, one {# star} other {# stars}} & up\"\r\n  },\r\n  \"forms\": {\r\n    \"validation\": {\r\n      \"required\": \"This field is required.\",\r\n      \"email\": \"Your E-mail address appears to be invalid.\",\r\n      \"number\": \"You can enter only numbers in this field.\",\r\n      \"num_max\": \"Please enter a number less than {max}.\",\r\n      \"num_min\": \"Please enter a number greater than {min}.\",\r\n      \"num_range\": \"Please enter a number greater than {min} and less than {max}.\",\r\n      \"max_length\": \"Maximum {count} characters allowed.\",\r\n      \"min_length\": \"Minimum {count} characters allowed.\",\r\n      \"max_checked\": \"Maximum {count} options allowed.\",\r\n      \"min_checked\": \"Please select minimum {count} options.\",\r\n      \"max_selected\": \"Maximum {count} selection allowed.\",\r\n      \"min_selected\": \"Minimum {count} selection allowed.\",\r\n      \"not_equal\": \"Fields do not match.\",\r\n      \"different\": \"Fields cannot be the same as each other.\",\r\n      \"pick_theme\": \"Please select a theme.\",\r\n      \"terms_agree\": \"You must agree to these terms before continuing.\"\r\n    },\r\n    \"address\": {\r\n      \"add\": {\r\n        \"heading\": \"Add New Address\",\r\n        \"description\": \"Use the form below to change any/all details of your shipping address. Click the 'Save Address' button when you are done.\"\r\n      },\r\n      \"edit\": {\r\n        \"heading\": \"Update Address\"\r\n      },\r\n      \"submit_value\": \"Save Address\"\r\n    },\r\n    \"file\": {\r\n      \"types\": \"Allowed file types: {file_types}\",\r\n      \"size\": \"File size: {bytes}\"\r\n    }\r\n  },\r\n  \"date\": {\r\n    \"day\": \"Day\",\r\n    \"month\": \"Month\",\r\n    \"year\": \"Year\"\r\n  },\r\n  \"rss\": {\r\n    \"heading\": \"RSS Syndication\",\r\n    \"intro\": \"RSS feeds are used for syndicating regularly changing content on a web site, including this one. You can open an RSS feed using an RSS reader and use it to see if there is any new content on this site or you can set up a server-side script to parse the feed and display it on your web site.\",\r\n    \"blog\": {\r\n      \"heading\": \"Recent Blog Posts\",\r\n      \"intro\": \"The recent post feed contains the latest {limit} blog posts published on {store}.\",\r\n      \"rss\": \"Latest {limit} Blog Posts (RSS)\",\r\n      \"rss_atom\": \"Latest {limit} Blog Posts (Atom)\"\r\n    },\r\n    \"products_new\": {\r\n      \"heading\": \"New Products\",\r\n      \"intro\": \"The latest products feed contains the latest {limit} products added to {store}.\",\r\n      \"rss\": \"Latest {limit} New Products (RSS)\",\r\n      \"rss_atom\": \"Latest {limit} New Products (Atom)\"\r\n    },\r\n    \"products_popular\": {\r\n      \"heading\": \"Popular Products\",\r\n      \"intro\": \"The popular products feed contains the top {limit} most popular products on {store} as rated by users.\",\r\n      \"rss\": \"Latest {limit} Popular Products (RSS)\",\r\n      \"rss_atom\": \"Latest {limit} Popular Products (Atom)\"\r\n    },\r\n    \"products_featured\": {\r\n      \"heading\": \"Featured Products\",\r\n      \"intro\": \"The featured products feed contains the latest {limit} featured products on {store}.\",\r\n      \"rss\": \"Latest {limit} Featured Products (RSS)\",\r\n      \"rss_atom\": \"Latest {limit} Featured Products (Atom)\"\r\n    },\r\n    \"search\": {\r\n      \"heading\": \"Product Searches\",\r\n      \"intro1\": \"Product search feeds allow you to save your custom product searches as syndication feed that will always update when there are new results.\",\r\n      \"intro2\": \"To create a product search feed, perform a standard search on {store} and at the bottom of the page click on one of the syndication options.\"\r\n    }\r\n  },\r\n  \"core\": {\r\n    \"pagination\": {\r\n      \"page\": \"Page\",\r\n      \"of\": \"of\",\r\n      \"previous\": \"Previous\",\r\n      \"next\": \"Next\"\r\n    },\r\n    \"product\": {\r\n      \"compare\": \"Compare\",\r\n      \"sale\": \"On Sale\",\r\n      \"pick_one\": \"Pick one\",\r\n      \"quickshop\": {\r\n        \"view\": \"Quick View\"\r\n      }\r\n    },\r\n    \"rating\": {\r\n      \"total_votes\": \"({votes})\"\r\n    },\r\n    \"price\": {\r\n      \"with_tax\": \"(Inc. {tax_label})\",\r\n      \"without_tax\": \"(Ex. {tax_label})\",\r\n      \"you_save\": \"(You save {amount})\"\r\n    },\r\n    \"contact\": {\r\n      \"full_name\": \"Full Name\",\r\n      \"full_name_placeholder\": \"Full Name\",\r\n      \"phone\": \"Phone Number\",\r\n      \"phone_placeholder\": \"Phone Number\",\r\n      \"email\": \"Email Address\",\r\n      \"email_placeholder\": \"Email Address\",\r\n      \"order\": \"Order Number\",\r\n      \"order_placeholder\": \"Order Number\",\r\n      \"company\": \"Company Name\",\r\n      \"company_placeholder\": \"Company Name\",\r\n      \"rma\": \"RMA Number\",\r\n      \"rma_placeholder\": \"RMA Number\",\r\n      \"captcha\": \"Are you human?\",\r\n      \"captcha_placeholder\": \"Captcha\",\r\n      \"captcha_desc\": \"Please copy the characters from the image into the text field below. Doing this helps us prevent automated submissions.\",\r\n      \"question\": \"Comments/Questions\",\r\n      \"question_placeholder\": \"Enter your comments here\",\r\n      \"submit\": \"Submit Message\",\r\n      \"successful\": \"We've received your feedback and will respond shortly if required. <a href=\\\"{shopPath}\\\">Continue</a>.\"\r\n    },\r\n    \"giftcard\": {\r\n      \"heading\": \"Gift Certificates\",\r\n      \"purchase\": {\r\n        \"heading\": \"Purchase Gift Certificate\",\r\n        \"subheading\": \"This gift certificate will be emailed to the recipient after your order has been paid for.\",\r\n        \"to_name\": \"Recipient's Name\",\r\n        \"to_email\": \"Recipient's Email\",\r\n        \"from_name\": \"Your Name\",\r\n        \"from_email\": \"Your Email\",\r\n        \"message\": \"Message (optional)\",\r\n        \"amount\": \"Amount\",\r\n        \"preview\": \"Preview Theme\",\r\n        \"theme\": \"Gift Certificate Theme\",\r\n        \"custom_range\": \"(Value must be between {min} and {max})\",\r\n        \"agree\": \"I understand that Gift Certificates expire after {days, plural, one {1 day} other {# days}}\",\r\n        \"agree2\": \"I agree that Gift Certificates are nonrefundable\",\r\n        \"submit_value\": \"Add Gift Certificate to Cart\",\r\n        \"update_value\": \"Update Gift Certificate\"\r\n      },\r\n      \"balance\": {\r\n        \"heading\": \"Check Gift Certificate Balance\",\r\n        \"subheading\": \"You can check the balance of a gift certificate by typing the code in to the box below.\",\r\n        \"code\": \"Gift Certificate Code\",\r\n        \"submit_value\": \"Check Balance\"\r\n      },\r\n      \"redeem\": {\r\n        \"heading\": \"Redeem Gift Certificate\",\r\n        \"subheading\": \"To redeem a gift certificate at {store_name}, follow the simple steps below.\",\r\n        \"item1\": \"You need your unique gift certificate code, which is part of the gift certificate that was emailed to you as an attachment. It will look something like Z50-Y6K-COS-402.\",\r\n        \"item2\": \"Browse the store and add items to your cart as you normally would.\",\r\n        \"item3\": \"Click the '<a href=\\\"{cart_url}\\\">View Cart</a>' link to view the contents of your shopping cart.\",\r\n        \"item4\": \"Type your gift certificate code in to the 'Redeem Gift Certificate' box and click 'Go'.\"\r\n      }\r\n    },\r\n    \"account\": {\r\n      \"common\": {\r\n        \"yes\": \"Yes\",\r\n        \"no\": \"No\",\r\n        \"edit\": \"Edit\",\r\n        \"delete\": \"Delete\",\r\n        \"share\": \"Share\",\r\n        \"required\": \"Required\",\r\n        \"cancel\": \"Cancel\",\r\n        \"store_credit\": \"You have <strong>{store_credit}</strong> of store credit. To use it, simply place your order and you will be able to choose store credit as the payment method when it comes time to pay for your order.\"\r\n      },\r\n      \"menu\": {\r\n        \"orders\": \"Orders\",\r\n        \"returns\": \"Returns\",\r\n        \"addresses\": \"Addresses\",\r\n        \"wishlists\": \"Wishlists\",\r\n        \"recently_viewed\": \"Recently Viewed\",\r\n        \"settings\": \"Account Settings\",\r\n        \"messages\": \"Messages\"\r\n      },\r\n      \"receipt\": {\r\n        \"heading\": \"Order #{number}\",\r\n        \"billing_title\": \"Bill To\",\r\n        \"shipping_title\": \"Ship To\",\r\n        \"ship_to_multi_text\": \"Order will be shipped to multiple addresses.\",\r\n        \"actions\": {\r\n          \"print_invoice\": \"Print Invoice\",\r\n          \"reorder_items\": \"Reorder\",\r\n          \"return_items\": \"Request Return\"\r\n        },\r\n        \"items\": {\r\n          \"title\": \"Items\",\r\n          \"product_title\": \"{quantity} \\u00d7 {name}\",\r\n          \"options\": \"Options\",\r\n          \"customizations\": \"Customizations\",\r\n          \"gift_wrapping\": \"Gift wrapping\",\r\n          \"refunded\": \"Refunded\",\r\n          \"reorder\": \"Reorder\",\r\n          \"download\": \"Download items\"\r\n        },\r\n        \"shipments\": {\r\n          \"title\": \"Shipments\",\r\n          \"date\": \"Date\",\r\n          \"provider\": \"Provider\",\r\n          \"link\": \"Tracking Number\"\r\n        }\r\n      },\r\n      \"return\": {\r\n        \"heading\": \"Return Items from Order #{id}\",\r\n        \"empty\": \"This order contains no products that can be returned. Have you already returned all of the items within this order?\",\r\n        \"order_item\": \"Item\",\r\n        \"item_price\": \"Price\",\r\n        \"quantity\": \"Qty To Return\",\r\n        \"reason\": \"Return Reason\",\r\n        \"action\": \"Return Action\",\r\n        \"comments\": \"Comments\",\r\n        \"request_return\": \"Submit Return Request\"\r\n      },\r\n      \"download\": {\r\n        \"heading\": \"{name} (#{number})\",\r\n        \"expired\": \"File has expired\",\r\n        \"days_remaining\": \"{days} days remaining\",\r\n        \"downloads_remaining\": \"{downloads} downloads remaining\"\r\n      },\r\n      \"invoice\": {\r\n        \"heading\": \"Order #{number}\",\r\n        \"billing_title\": \"Bill To\",\r\n        \"product_title\": \"Item\",\r\n        \"quantity_title\": \"Quantity\",\r\n        \"price_title\": \"Price\",\r\n        \"giftwrap\": \"Giftwrapping\",\r\n        \"quantity\": \"{quantity} \\u00d7 {price}\"\r\n      },\r\n      \"orders\": {\r\n        \"heading_all\": \"Orders\",\r\n        \"heading_completed\": \"Completed Orders\",\r\n        \"view_all\": \"View All\",\r\n        \"items\": {\r\n          \"number\": \"Order #{number}\",\r\n          \"description\": \"{num_products, plural, one {1 item} other {# items}} totaling {cost}\",\r\n          \"placed\": \"Placed On\",\r\n          \"updated\": \"Updated On\",\r\n          \"empty\": \"You haven't placed any orders yet.\"\r\n        }\r\n      },\r\n      \"addresses\": {\r\n        \"heading\": \"Addresses\",\r\n        \"add_heading\": \"Add New Address\",\r\n        \"edit_heading\": \"Edit Address\",\r\n        \"primary\": \"Primary\",\r\n        \"phone\": \"Phone: {phone_number}\",\r\n        \"new_address\": \"New Address\",\r\n        \"no_addresses\": \"You currently have no addresses added to your profile\",\r\n        \"submit\": \"Save Address\"\r\n      },\r\n      \"wishlists\": {\r\n        \"heading\": \"Wishlists\",\r\n        \"new\": \"New Wishlist\",\r\n        \"num_items\": \"# Items\",\r\n        \"add_item\": \"Add to wishlist\",\r\n        \"wishlist_name\": \"Wishlist Name\",\r\n        \"make_public\": \"Make wishlist public\",\r\n        \"public\": \"Public\",\r\n        \"action\": \"Action\",\r\n        \"add\": \"Add Wishlist\",\r\n        \"delete_all\": \"Delete All\",\r\n        \"edit\": \"Edit Wishlist\",\r\n        \"view_heading\": \"Wishlist: {name}\",\r\n        \"share_intro\": \"Share this wishlist with friends\",\r\n        \"wishlist_contents\": \"Wishlist Contents\",\r\n        \"num_products\": \"{num_products, plural, one {1 product} other {# products}}\",\r\n        \"create\": \"Create Wishlist\",\r\n        \"save\": \"Save Wishlist\",\r\n        \"compare\": \"Compare\",\r\n        \"empty\": \"You have no wishlists.\",\r\n        \"details_empty\": \"There are no items in this wishlist.\"\r\n      },\r\n      \"recent_items\": {\r\n        \"heading\": \"Recently Viewed\",\r\n        \"compare\": \"Compare\",\r\n        \"empty\": \"You haven't viewed any items recently.\"\r\n      },\r\n      \"returns\": {\r\n        \"heading\": \"Returns\",\r\n        \"successful\": \"Your return was submitted successfully. We'll respond as soon as we can.\",\r\n        \"no_returns\": \"You haven't made any returns yet.\",\r\n        \"list\": {\r\n          \"title\": \"{quantity} \\u00d7 {name}\",\r\n          \"number\": \"Return #{number}\",\r\n          \"date\": \"Requested\",\r\n          \"action\": \"Action\",\r\n          \"reason\": \"Reason\",\r\n          \"comments\": \"Comments\"\r\n        },\r\n        \"status\": {\r\n          \"pending\": \"Pending\",\r\n          \"received\": \"Received\",\r\n          \"authorized\": \"Authorized\",\r\n          \"repaired\": \"Repaired\",\r\n          \"refunded\": \"Refunded\",\r\n          \"rejected\": \"Rejected\",\r\n          \"cancelled\": \"Cancelled\"\r\n        }\r\n      },\r\n      \"settings\": {\r\n        \"heading\": \"Account Settings\",\r\n        \"first_name\": \"First Name\",\r\n        \"last_name\": \"Last Name\",\r\n        \"company\": \"Company\",\r\n        \"phone\": \"Phone Number\",\r\n        \"submit\": \"Update Details\"\r\n      },\r\n      \"messages\": {\r\n        \"heading\": \"Messages\",\r\n        \"customer_said\": \"You said:\",\r\n        \"merchant_said\": \"{store_name} said:\",\r\n        \"no_messages\": \"You have no messages at this time.\",\r\n        \"list\": {\r\n          \"message_date\": \"Date\",\r\n          \"message_subject\": \"Subject\",\r\n          \"message_name\": \"Message\"\r\n        }\r\n      },\r\n      \"inbox\": {\r\n        \"order\": \"Order\",\r\n        \"order_pick_one\": \"Select an order...\",\r\n        \"order_display\": \"Order #{id} / {date} / {total}\",\r\n        \"subject\": \"Subject\",\r\n        \"message\": \"Message\",\r\n        \"show_form\": \"Send Message\",\r\n        \"submit\": \"Send Message\",\r\n        \"clear\": \"Clear\"\r\n      },\r\n      \"products\": {\r\n        \"current_stock\": \"Current Stock:\",\r\n        \"quantity\": \"Quantity:\",\r\n        \"quantity_decrease\": \"Decrease Quantity:\",\r\n        \"quantity_increase\": \"Increase Quantity:\",\r\n        \"related_products\": \"Related Products\",\r\n        \"top\": \"Most Popular Products\",\r\n        \"similar_by_views\": \"Customers Also Viewed\",\r\n        \"featured\": \"Featured Products\",\r\n        \"new\": \"New Products\",\r\n        \"tabs\": {\r\n          \"details\": \"Details\",\r\n          \"reviews\": \"Reviews\",\r\n          \"delivery\": \"Delivery\"\r\n        },\r\n        \"reviews\": {\r\n          \"captcha_heading\": \"Security Question\",\r\n          \"hide\": \"Hide Reviews\",\r\n          \"new\": \"Write a Review\",\r\n          \"show\": \"Show Reviews\",\r\n          \"header\": \"{total, plural, =0{0 Reviews} one {# Review} other {# Reviews}}\",\r\n          \"rating_label\": \"Rating\",\r\n          \"link_to_review\": \"({total, plural, =0{No reviews yet} one {# review} other {# reviews}})\",\r\n          \"post_on_by\": \"Posted by { name } on { date }\",\r\n          \"select_rating\": \"Select Rating\",\r\n          \"anonymous_poster\": \"Unknown\",\r\n          \"rating\": {\r\n            \"1\": \"1 star (worst)\",\r\n            \"2\": \"2 stars\",\r\n            \"3\": \"3 stars (average)\",\r\n            \"4\": \"4 stars\",\r\n            \"5\": \"5 stars (best)\"\r\n          },\r\n          \"write_a_review\": \"Write a Review\",\r\n          \"form_write\": {\r\n            \"name\": \"Name\",\r\n            \"email\": \"Email\",\r\n            \"subject\": \"Review Subject\",\r\n            \"comments\": \"Comments\",\r\n            \"submit_value\": \"Submit Review\"\r\n          }\r\n        },\r\n        \"videos\": {\r\n          \"header\": \"Videos\",\r\n          \"hide\": \"Hide Videos\",\r\n          \"show\": \"Show Videos\"\r\n        },\r\n        \"add_to_cart\": \"Add to Cart\",\r\n        \"options\": \"Options\",\r\n        \"sku\": \"SKU\",\r\n        \"condition\": \"Condition\",\r\n        \"availability\": \"Availability\",\r\n        \"shipping\": \"Shipping Cost\",\r\n        \"shipping_fixed\": \"{amount} (Fixed Shipping Cost)\",\r\n        \"shipping_free\": \"Free Shipping\",\r\n        \"sold_out\": \"Sold Out\",\r\n        \"pre_order\": \"Pre-Order Now\",\r\n        \"choose_options\": \"Choose Options\",\r\n        \"quick_view\": \"Quick view\",\r\n        \"compare\": \"Compare\",\r\n        \"upload\": \"Upload\",\r\n        \"max_filesize\": \"Maximum file size is: {bytes}KB\",\r\n        \"filetypes\": \"File types are: {file_types}\",\r\n        \"choose_an_option\": \"Please choose an option\",\r\n        \"select_one\": \"Please select one\",\r\n        \"description\": \"Description\",\r\n        \"retail_price\": \"MSRP {price}\",\r\n        \"price_with_tax\": \"{price} (Inc. {tax_label})\",\r\n        \"price_without_tax\": \"{price} (Ex. {tax_label})\",\r\n        \"weight\": \"Weight\",\r\n        \"you_save\": \"(You save {amount})\"\r\n      }\r\n    },\r\n    \"invoice\": {\r\n      \"for_order\": \"{name} Invoice for Order #{id}\",\r\n      \"phone\": \"Phone: {number}\",\r\n      \"email\": \"Email: {email}\",\r\n      \"order\": \"Order:\",\r\n      \"payment_method\": \"Payment Method:\",\r\n      \"order_date\": \"Order Date:\",\r\n      \"shipping_method\": \"Shipping Method:\",\r\n      \"order_items\": \"Order Items\",\r\n      \"qty\": \"Qty\",\r\n      \"code\": \"Code/SKU\",\r\n      \"shipping_address\": \"Shipping Address\",\r\n      \"product_name\": \"Product Name\",\r\n      \"price\": \"Price\",\r\n      \"total\": \"Total\",\r\n      \"comments\": \"Comments\"\r\n    },\r\n    \"auth\": {\r\n      \"login\": {\r\n        \"login_form\": {\r\n          \"heading\": \"Log in\",\r\n          \"email_address\": \"Email Address\",\r\n          \"password\": \"Password\",\r\n          \"submit\": \"Log In\",\r\n          \"forgot_password\": \"Forgot password?\"\r\n        },\r\n        \"create_form\": {\r\n          \"heading\": \"New Customer\",\r\n          \"intro\": \"Create an account with us and you'll be able to:\",\r\n          \"fact_faster\": \"Check out faster\",\r\n          \"fact_addresses\": \"Save multiple shipping addresses\",\r\n          \"fact_order_history\": \"Access your order history\",\r\n          \"fact_track_orders\": \"Track new orders\",\r\n          \"fact_wishlist\": \"Save items to your wish list\",\r\n          \"create_account\": \"Create Account\"\r\n        }\r\n      },\r\n      \"create\": {\r\n        \"heading\": \"Create Account\",\r\n        \"submit\": \"Create Account\"\r\n      },\r\n      \"created\": {\r\n        \"heading\": \"Account Created\",\r\n        \"message\": \"Your <em>{store_name}</em> account was created with the email address: <em>{email}</em>\",\r\n        \"continue\": \"Continue\"\r\n      },\r\n      \"new_password\": {\r\n        \"heading\": \"New Password\",\r\n        \"password\": \"New Password\",\r\n        \"password2\": \"Confirm Password\",\r\n        \"submit\": \"Update Password\",\r\n        \"passwords_no_match\": \"Your passwords do not match.\"\r\n      },\r\n      \"forgot\": {\r\n        \"heading\": \"Forgot Password\",\r\n        \"message\": \"Fill in your email below to request a new password. An email will be sent to the address below containing a link to verify your email address.\",\r\n        \"email_address\": \"Email Address\",\r\n        \"submit\": \"Reset Password\"\r\n      }\r\n    },\r\n    \"unavailable\": {\r\n      \"maintenance_heading\": \"Down for maintenance\",\r\n      \"maintenance_message\": \"This store is currently unavailable due to maintenance. It should be available again shortly. We apologize for any inconvenience caused.\",\r\n      \"hibernation_heading\": \"We'll be back\",\r\n      \"hibernation_message\": \"Thanks for visiting. Our store is currently unavailable. We apologize for any inconvenience caused.\"\r\n    }\r\n  }\r\n}\r\n"}
