[{"name":"Typography","settings":[{"type":"font","label":"Primary Font Family","id":"primary-font","options":[{"label":"Roboto","value":"Google_Roboto_700,400,300"},{"label":"Roboto Condensed","value":"Google_Roboto+Condensed_400italic,400,300,700"},{"label":"Raleway","value":"Google_Raleway_400,300,700"},{"label":"Roboto Slab","value":"Google_Roboto+Slab_700,400,300"}]},{"type":"font","label":"Secondary Font Family","id":"secondary-font","force_reload":true,"options":[{"label":"Playfair Display","value":"Google_Playfair+Display_400italic,700italic"},{"label":"Lato","value":"Google_Lato_300,400,700,900"},{"label":"Lora","value":"Google_Lora_400,700"},{"label":"Oswald","value":"Google_Oswald_300,400,700"}]}]},{"name":"Colors","settings":[{"type":"heading","content":"Global"},{"type":"color","label":"Accent Color","id":"color-accent"},{"type":"color","label":"Text Color","id":"color-body"},{"type":"color","label":"Background Color","id":"color-background"},{"type":"color","label":"Secondary Background Color","id":"color-background-secondary"},{"type":"color","label":"Tertiary Background Color","id":"color-background-tertiary"},{"type":"color","label":"Border Color","id":"color-border"},{"type":"color","label":"Site Branding Color","id":"color-site-branding"},{"type":"color","label":"Meta Color","id":"color-meta"},{"type":"color","label":"Bold Color","id":"color-bold"},{"type":"color","label":"Heading Color","id":"color-heading"},{"type":"color","label":"Primary Link Color","id":"color-link"},{"type":"color","label":"Primary Link Hover Color","id":"color-link-hover"},{"type":"color","label":"Input Color","id":"color-input"},{"type":"color","label":"Modal Dialog Background Color","id":"color-modal-background"},{"type":"heading","content":"Buttons"},{"type":"color","label":"Primary Button Text Color","id":"color-button"},{"type":"color","label":"Primary Button Background Color","id":"color-button-background"},{"type":"color","label":"Secondary Button Text Color","id":"color-button-secondary"},{"type":"color","label":"Secondary Button Background Color","id":"color-button-secondary-background"},{"type":"heading","content":"Site Header"},{"type":"color","label":"Top Bar Background Color","id":"color-topbar-background"},{"type":"color","label":"Top Bar Text Color","id":"color-topbar-text"},{"type":"color","label":"Navigation Text Color","id":"color-nav"},{"type":"color","label":"Navigation Active Color","id":"color-nav-active"},{"type":"color","label":"Navigation Background Color","id":"color-nav-background"},{"type":"color","label":"Mega Navigation Link Color","id":"color-mega-nav-link"},{"type":"color","label":"Mega Navigation Background Color","id":"color-mega-nav-background"},{"type":"color","label":"Mobile Navigation Utilities Background Color","id":"color-utils-mobile-background"},{"type":"heading","content":"Carousel"},{"type":"color","label":"Carousel Heading Color","id":"color-carousel-title"},{"type":"color","label":"Carousel text Color","id":"color-carousel-text"},{"type":"heading","content":"Footer"},{"type":"color","label":"Footer Background Color","id":"color-footer-background"},{"type":"color","label":"Footer Text Color","id":"color-footer-text"},{"type":"heading","content":"Apple Pay"},{"type":"select","label":"Button Color","id":"style_apple_pay_button","options":[{"value":"black","label":"Black (white text)"},{"value":"white","label":"White (black text)"},{"value":"white-border","label":"White (black text with border)"}]}]},{"name":"Global Theme Settings","settings":[{"type":"select","label":"Logo Alignment","id":"header-logo-alignment","force_reload":true,"options":[{"value":"center","label":"Center (Default)"},{"value":"left","label":"Left"},{"value":"right","label":"Right"}]},{"type":"checkbox","label":"Show 'Home' Link in Navigation","id":"global-show-home-in-nav","force_reload":true},{"type":"checkbox","label":"Use mega-nav alternate layout (good for larger catalogs)","id":"meganav-use-variant","force_reload":true},{"type":"checkbox","label":"Show Only Top-level Categories in Navigation","id":"meganav-show-top-level-only","force_reload":true},{"type":"checkbox","label":"Show Category Images in Shop Navigation Dropdown","id":"meganav-show-category-images","force_reload":true},{"type":"checkbox","label":"Allow mega navigation to use full screen width","id":"meganav-use-fullwidth","force_reload":true},{"type":"checkbox","label":"Crop and Force Product Images to Fill Container","id":"global-crop-cover-images","force_reload":true},{"type":"checkbox","label":"Hide Sidebar on Collections Pages","id":"collections-sidebar-hidden","force_reload":true}]},{"name":"Site Footer Settings","settings":[{"type":"checkbox","label":"Show Credits in Site Footer","id":"theme-credits","force_reload":true},{"type":"checkbox","label":"Show Copyright in Site Footer","id":"theme-copyright","force_reload":true},{"type":"checkbox","label":"Show Sitemap in Site Footer","id":"sitemap","force_reload":true},{"type":"checkbox","label":"Show Address in Site Footer","id":"footer-show-address","force_reload":true},{"type":"checkbox","label":"Show Categories Instead of Brands in Site Footer","id":"footer-show-categories","force_reload":true},{"type":"heading","content":"Payment Icons"},{"type":"checkbox","label":"Visa","id":"payment_visa","force_reload":true},{"type":"checkbox","label":"Mastercard","id":"payment_mastercard","force_reload":true},{"type":"checkbox","label":"American Express","id":"payment_american_express","force_reload":true},{"type":"checkbox","label":"Discover","id":"payment_discover","force_reload":true},{"type":"checkbox","label":"Paypal","id":"payment_paypal","force_reload":true},{"type":"checkbox","label":"Apple Pay","id":"payment_apple_pay","force_reload":true}]},{"name":"Homepage","settings":[{"type":"checkbox","label":"Show Slide Number on Homepage Carousel","id":"home-carousel-show-slide-number","force_reload":true},{"type":"checkbox","label":"Show Top Sellers Instead of New Products on Homepage","id":"home-show-top-sellers","force_reload":true},{"type":"checkbox","label":"Show Latest Blog Posts on Homepage","id":"home-show-blog","force_reload":true},{"type":"select","label":"Number of Featured Products on Homepage","id":"home-featured-products","force_reload":true,"options":[{"value":0,"label":"Disable"},{"value":4,"label":"4"},{"value":8,"label":"8"},{"value":12,"label":"12"}]},{"type":"select","label":"Number of New or Top Selling Products on Homepage","id":"home-new-products","force_reload":true,"options":[{"value":0,"label":"Disable"},{"value":3,"label":"3"},{"value":6,"label":"6"},{"value":9,"label":"9"}]}]},{"name":"Brands Page","settings":[{"type":"select","label":"Number of Brands per Page","id":"brand-count","force_reload":true,"options":[{"value":4,"label":"4"},{"value":8,"label":"8"},{"value":16,"label":"16"},{"value":20,"label":"20"},{"value":32,"label":"32"},{"value":40,"label":"40"},{"value":60,"label":"60"},{"value":999,"label":"All"}]}]},{"name":"Product Settings","settings":[{"type":"select","label":"Number of Reviews on Product Page","id":"product-single-reviews-count","force_reload":true,"options":[{"value":0,"label":"Disable"},{"value":1,"label":"1"},{"value":2,"label":"2"},{"value":3,"label":"3"},{"value":4,"label":"4"},{"value":5,"label":"5"},{"value":6,"label":"6"},{"value":7,"label":"7"},{"value":8,"label":"8"},{"value":9,"label":"9"},{"value":10,"label":"10"},{"value":11,"label":"11"},{"value":12,"label":"12"},{"value":999,"label":"All"}]},{"type":"select","label":"Number of Product Videos","id":"product-single-videos-count","force_reload":true,"options":[{"value":0,"label":"Disable"},{"value":1,"label":"1"},{"value":2,"label":"2"},{"value":3,"label":"3"},{"value":4,"label":"4"},{"value":5,"label":"5"},{"value":6,"label":"6"},{"value":7,"label":"7"},{"value":8,"label":"8"},{"value":9,"label":"9"},{"value":10,"label":"10"},{"value":11,"label":"11"},{"value":12,"label":"12"}]},{"type":"select","label":"Number of Related Products","id":"product-single-related-count","force_reload":true,"options":[{"value":0,"label":"Disable"},{"value":4,"label":"8"},{"value":8,"label":"8"},{"value":16,"label":"16"}]},{"type":"checkbox","label":"Show Product Dimensions","id":"show-product-dimensions","force_reload":true}]},{"name":"Product Listings","settings":[{"type":"select","label":"Products Results Count","id":"product-count","force_reload":true,"options":[{"value":9,"label":"9"},{"value":12,"label":"12"},{"value":18,"label":"18"},{"value":24,"label":"24"},{"value":36,"label":"36"},{"value":48,"label":"48"},{"value":60,"label":"60"},{"value":72,"label":"72"},{"value":99,"label":"99"}]}]},{"name":"Search Page Settings","settings":[{"type":"checkbox","label":"Show secondary search bar on search page","id":"show-on-page-seach-form","force_reload":true}]},{"name":"Blog Settings","settings":[{"type":"select","label":"Blog Posts per Page","id":"blog-posts-per-page","force_reload":true,"options":[{"value":0,"label":"Disable"},{"value":6,"label":"6"},{"value":12,"label":"12"},{"value":18,"label":"18"},{"value":24,"label":"24"},{"value":999,"label":"All"}]},{"type":"select","label":"Number of Blog Pages","id":"blog-number-pages","force_reload":true,"options":[{"value":0,"label":"Disable"},{"value":5,"label":"5"},{"value":10,"label":"10"},{"value":20,"label":"20"},{"value":999,"label":"All"}]},{"type":"select","label":"Blog Post Summary Length (in characters)","id":"blog-summary-length","force_reload":true,"options":[{"value":0,"label":"Disable"},{"value":50,"label":"50"},{"value":100,"label":"100"},{"value":200,"label":"200"},{"value":999,"label":"All"}]}]}]
