{"components/brand/product-listing":"{{#if brand.products}}\n  <div class=\"listing-wrapper\">\n    <form class=\"form {{#if show_compare}}compare-enabled{{/if}}\" id=\"form-compare\" action=\"/compare\" method='POST'>\n      {{#each brand.products}}\n        {{> components/products/product-grid-item show_rating=../settings.show_product_rating show_compare=../show_compare default_image=../theme_settings.default-product-image}}\n      {{/each}}\n    </form>\n  </div>\n\n  {{> components/common/pagination pagination.brand}}\n{{else}}\n  <h3 class=\"listing-no-products\">\n    {{lang 'brand.empty'}}\n  </h3>\n{{/if}}\n","components/brand/sidebar":"{{#if brand.faceted_search_enabled}}\n  <span class=\"link faceted-search-toggle\" data-faceted-search-toggle data-show-text=\"{{lang 'faceted_search.show'}}\" data-hide-text=\"{{lang 'faceted_search.hide'}}\">\n  </span>\n  <div class=\"faceted-search\" data-faceted-search>\n    {{#each brand.facets}}\n      {{#if visible}}\n        {{#if items.length}}\n          <div class=\"facet-list {{display}}\" data-facet-filter>\n\n            {{> components/common/facet-toggle title=title}}\n\n            {{{dynamicComponent 'components/faceted-search/facets'}}}\n\n            {{#if remove_url}}\n              <a class=\"link facet-remove\" href=\"{{remove_url}}\" data-faceted-search-facet data-facet-remove>{{lang 'faceted_search.clear'}}</a>\n            {{/if}}\n          </div>\n        {{/if}}\n        {{#compare facet 'price'}}\n          <div class=\"facet-list {{display}}\" data-facet-filter>\n\n            {{> components/common/facet-toggle title=title}}\n\n            {{{dynamicComponent 'components/faceted-search/facets'}}}\n\n            {{#if remove_url}}\n              <a class=\"link facet-remove\" href=\"{{remove_url}}\" data-faceted-search-facet data-facet-remove>{{lang 'faceted_search.clear'}}</a>\n            {{/if}}\n          </div>\n        {{/compare}}\n      {{/if}}\n    {{/each}}\n  </div>\n{{/if}}\n","components/common/banner-top":"{{#if banners.top}}\n  <div class=\"banners banners-top\">\n    {{#each banners.top}}\n      <div class=\"banner rte\">\n        {{{this}}}\n      </div>\n    {{/each}}\n  </div>\n{{/if}}\n","components/common/body-classes":"{{#if theme_settings.global-crop-cover-images}}thumbnail-cover{{/if}}\n{{#if theme_settings.collections-sidebar-hidden}}no-sidebar{{/if}}\n{{#unless in_production}} dev-environment{{/unless}}\n","components/common/compare-checkbox":"<input\n  type=\"checkbox\"\n  class=\"input-checkbox sr-only\"\n  name=\"products[]\"\n  value=\"{{id}}\"\n  id=\"compare-{{id}}\"\n  data-compare-checkbox\n  data-compare-id=\"{{id}}\"\n  data-compare-title=\"{{name}}\"\n  data-compare-url=\"{{url}}\"\n  data-compare-price=\"{{price.without_tax.formatted}}\"\n  data-compare-thumbnail=\"{{getImage image 'thumb' (cdn default_image)}}\">\n","components/common/facebook-like":"{{#if settings.add_this}}\n  {{#each settings.add_this.buttons}}\n    {{#if service '===' 'facebook_like'}}\n      <div id=\"fb-root\"></div>\n      <script>(function(d, s, id) {\n        var js, fjs = d.getElementsByTagName(s)[0];\n        if (d.getElementById(id)) return;\n        js = d.createElement(s); js.id = id;\n        js.src = \"//connect.facebook.net/en_US/sdk.js#xfbml=1&version=v2.5\";\n        fjs.parentNode.insertBefore(js, fjs);\n      }(document, 'script', 'facebook-jssdk'));</script>\n    {{/if}}\n  {{/each}}\n{{/if}}\n","components/common/facet-toggle":"{{!\n  @param title\n         The title of the faceted list to toggle.\n}}\n\n<h5 class=\"facet-list-title {{#unless start_collapsed}}is-open{{/unless}}\" data-facet-toggle>\n  {{title}}\n  <span class=\"facet-list-toggle\">\n    <svg class=\"icon icon-chevron-down\"><use xlink:href=\"#icon-chevron-down\" /></svg>\n  </span>\n</h5>\n","components/common/icons/icon-defs":"<svg style=\"position: absolute; width: 0; height: 0;\" width=\"0\" height=\"0\" version=\"1.1\" xmlns=\"http://www.w3.org/2000/svg\" xmlns:xlink=\"http://www.w3.org/1999/xlink\">\n<defs>\n<symbol id=\"icon-arrow-right\" viewBox=\"0 0 605 1024\">\n  <title>arrow-right</title>\n  <path class=\"path1\" d=\"M564.888 463.153c27.195 26.998 27.195 70.696 0.008 97.675l-422.439 419.588c-13.27 13.18-30.973 20.312-49.399 20.312s-36.13-7.132-49.4-20.312c-27.179-26.982-27.179-70.712-0.007-97.675l376.788-370.74-376.841-370.822c-27.102-26.919-27.102-70.635 0.069-97.599 27.234-27.074 71.527-27.074 98.794-0.004l422.427 419.576z\"></path>\n</symbol>\n<symbol id=\"icon-arrow-left\" viewBox=\"0 0 605 1024\">\n  <title>arrow-left</title>\n  <path class=\"path1\" d=\"M466.102 980.427l-422.431-419.58c-27.195-26.998-27.195-70.696-0.008-97.675l422.439-419.588c13.27-13.18 30.973-20.312 49.399-20.312s36.13 7.132 49.4 20.312c27.179 26.982 27.179 70.712 0.007 97.675l-376.788 370.74 376.841 370.822c27.102 26.919 27.102 70.635-0.069 97.599-27.234 27.074-71.527 27.074-98.794 0.004l0.004 0.004z\"></path>\n</symbol>\n<symbol id=\"icon-chevron-down\" viewBox=\"0 0 989 1024\">\n  <title>chevron-down</title>\n  <path class=\"path1\" d=\"M959.544 350.176l-419.58 422.431c-26.998 27.195-70.696 27.195-97.675 0.008l-419.588-422.439c-13.18-13.27-20.312-30.973-20.312-49.399s7.132-36.13 20.312-49.4c26.982-27.179 70.712-27.179 97.675-0.007l370.74 376.788 370.822-376.841c26.919-27.102 70.635-27.102 97.599 0.069 27.074 27.234 27.074 71.527 0.004 98.794l0.004-0.004z\"></path>\n</symbol>\n<symbol id=\"icon-close\" viewBox=\"0 0 1024 1024\">\n  <title>close</title>\n  <path class=\"path1\" d=\"M860.937 77.878l-825.652 825.652 85.186 85.186 868.244-868.244-85.186-85.186-42.593 42.593z\"></path>\n  <path class=\"path2\" d=\"M946.122 860.937l-825.652-825.652-85.186 85.186 868.244 868.244 85.186-85.186-42.593-42.593z\"></path>\n</symbol>\n<symbol id=\"icon-cart\" viewBox=\"0 0 1195 1024\">\n  <title>basket</title>\n  <path class=\"path1\" d=\"M1056 288h-163.040c-1.184-3.264-2.398-6.496-4.192-9.408l-160-256c-8.512-13.568-23.584-22.592-40.768-22.592-26.496 0-48 21.472-48 48 0 9.344 2.656 18.016 7.264 25.408l134.112 214.592h-410.752l134.112-214.592c4.608-7.36 7.264-16.064 7.264-25.408 0-26.528-21.504-48-48-48-17.184 0-32.256 9.024-40.736 22.592l-160 256c-1.824 2.912-3.040 6.144-4.224 9.408h-163.040c-53.024 0-96 42.976-96 96v64c0 45.472 31.712 83.328 74.144 93.28l121.728 413.888c11.712 39.776 48.544 68.832 92.128 68.832h576c43.584 0 80.416-29.056 92.128-68.832l121.728-413.888c42.432-9.92 74.144-47.808 74.144-93.28v-64c0-53.024-42.976-96-96-96v0zM864 928l-576.032 0.064-112.928-384.064h801.92l-112.96 384zM1056 448h-960v-64h960v64z\"></path>\n</symbol>\n<symbol id=\"icon-account\" viewBox=\"0 0 819 1024\">\n  <title>account</title>\n  <path class=\"path1\" d=\"M112.188 972.8h609.882c33.882 0 60.988-27.106 60.988-60.988 0-131.012-70.024-246.212-173.929-309.459 72.282-56.471 117.459-144.565 117.459-241.694 0-171.671-140.047-309.459-309.459-309.459-171.671 0-309.459 140.047-309.459 309.459 0 97.129 45.176 185.224 117.459 241.694-103.906 65.506-173.929 178.447-173.929 309.459 0 31.624 27.106 60.988 60.988 60.988v0zM229.647 358.4c0-103.906 83.576-187.482 187.482-187.482s187.482 83.576 187.482 187.482c0 103.906-83.576 187.482-187.482 187.482-103.906-2.259-187.482-85.835-187.482-187.482v0zM417.129 667.859c112.941 0 207.812 76.8 234.918 182.965h-469.835c27.106-106.165 121.976-182.965 234.918-182.965v0z\"></path>\n</symbol>\n<symbol id=\"icon-search\" viewBox=\"0 0 1024 1024\">\n  <title>search</title>\n  <path class=\"path1\" d=\"M435.627 51.2c212.204 0 384.427 173.935 384.427 389.819 0 80.829-24.603 155.518-65.609 217.93l199.902 202.583c24.603 25.579 24.603 66.505 0 92.083s-65.609 25.579-90.212 0l-197.852-200.537c-64.584 49.111-143.519 77.759-230.656 77.759-212.204-1.023-384.427-174.958-384.427-389.819 0-215.884 172.223-389.819 384.427-389.819v0 0zM435.627 181.14c-141.469 0-256.285 116.639-256.285 259.879s114.816 259.879 256.285 259.879c141.469 0 256.285-116.639 256.285-259.879 1.025-144.264-113.79-259.879-256.285-259.879v0z\"></path>\n</symbol>\n<symbol id=\"icon-wishlist\" viewBox=\"0 0 1195 1024\">\n  <title>wishlist</title>\n  <path class=\"path1\" d=\"M827.29 0c-120.912 0-197.237 58.845-241.532 112.056-44.295-53.21-120.608-112.056-241.567-112.056-205.894 0-344.192 190.735-344.192 368.864 0 259.315 498.106 606.858 554.901 645.623 9.302 6.338 20.080 9.513 30.858 9.513s21.556-3.175 30.858-9.513c56.795-38.766 554.901-386.308 554.901-645.623 0-178.129-138.321-368.864-344.227-368.864v0zM585.735 902.561c-196.147-139.504-476.269-389.202-476.269-533.697 0-108.752 81.573-259.397 234.725-259.397 139.317 0 188.497 120.315 190.395 125.083 8.001 21.134 28.257 34.958 50.856 35.146h0.387c22.458 0 42.714-13.906 50.984-34.782 2.015-5.131 51.219-125.446 190.489-125.446 153.164 0 234.76 150.634 234.76 259.397-0.012 144.331-280.157 394.087-476.327 533.697v0z\"></path>\n</symbol>\n<symbol id=\"icon-star\" viewBox=\"0 0 1024 1024\">\n  <title>star</title>\n  <path class=\"path1\" d=\"M984.504 339.577c-47.75-21.094-174.154-30.282-283.219-34.282-34.154-98.685-88.749-246.342-134.435-291.469-18.627-18.435-48.374-18.435-67.034 0-45.654 45.158-100.278 192.813-134.403 291.469-109.034 4-235.376 13.187-283.19 34.253-25.818 11.411-36.614 42.838-22.938 68.093 31.126 57.28 110.064 142.531 209.126 226.499-27.094 110.25-45.126 210.938-49.936 279.782-2.682 37.779 36.579 64.221 70.125 46.56 62.013-32.925 141.645-67.862 244.749-132.56 32.006 20.096 237.859 138.093 267.002 138.093 27.814 0 49.875-23.866 47.872-52.093-4.81-68.845-22.842-169.533-49.936-279.782 99.094-84 178.032-169.251 209.126-226.531 13.616-25.072 2.998-56.643-22.909-68.032v0z\"></path>\n</symbol>\n<symbol id=\"icon-spinner\" viewBox=\"0 0 1024 1024\">\n  <title>spinner</title>\n  <path class=\"path1\" d=\"M300.571 796.571q0 30.286-21.429 51.714t-51.714 21.429q-29.714 0-51.429-21.714t-21.714-51.429q0-30.286 21.429-51.714t51.714-21.429 51.714 21.429 21.429 51.714zM585.143 914.286q0 30.286-21.429 51.714t-51.714 21.429-51.714-21.429-21.429-51.714 21.429-51.714 51.714-21.429 51.714 21.429 21.429 51.714zM182.857 512q0 30.286-21.429 51.714t-51.714 21.429-51.714-21.429-21.429-51.714 21.429-51.714 51.714-21.429 51.714 21.429 21.429 51.714zM869.714 796.571q0 29.714-21.714 51.429t-51.429 21.714q-30.286 0-51.714-21.429t-21.429-51.714 21.429-51.714 51.714-21.429 51.714 21.429 21.429 51.714zM318.857 227.429q0 37.714-26.857 64.571t-64.571 26.857-64.571-26.857-26.857-64.571 26.857-64.571 64.571-26.857 64.571 26.857 26.857 64.571zM987.429 512q0 30.286-21.429 51.714t-51.714 21.429-51.714-21.429-21.429-51.714 21.429-51.714 51.714-21.429 51.714 21.429 21.429 51.714zM621.714 109.714q0 45.714-32 77.714t-77.714 32-77.714-32-32-77.714 32-77.714 77.714-32 77.714 32 32 77.714zM924.571 227.429q0 53.143-37.714 90.571t-90.286 37.429q-53.143 0-90.571-37.429t-37.429-90.571q0-52.571 37.429-90.286t90.571-37.714q52.571 0 90.286 37.714t37.714 90.286z\"></path>\n</symbol>\n<symbol id=\"icon-check-mark\" viewBox=\"0 0 1408 1024\">\n  <title>check-mark</title>\n  <path class=\"path1\" d=\"M1317.965 53.443c-61.952-61.983-162.41-61.983-224.362 0l-551.661 551.599-271.101-271.101c-61.921-61.983-162.44-61.983-224.362 0-61.952 61.952-61.952 162.41 0 224.362l383.282 383.313c30.976 31.007 71.594 46.464 112.181 46.464s81.205-15.457 112.181-46.464l663.811-663.811c61.983-61.952 61.983-162.41 0.031-224.362z\"></path>\n</symbol>\n<symbol id=\"icon-grid\" viewBox=\"0 0 1024 1024\">\n  <title>grid</title>\n  <path class=\"path1\" d=\"M243.81 121.905c0 67.326-54.579 121.905-121.905 121.905s-121.905-54.579-121.905-121.905c0-67.326 54.579-121.905 121.905-121.905s121.905 54.579 121.905 121.905z\"></path>\n  <path class=\"path2\" d=\"M627.81 121.905c0 67.326-54.579 121.905-121.905 121.905s-121.905-54.579-121.905-121.905c0-67.326 54.579-121.905 121.905-121.905s121.905 54.579 121.905 121.905z\"></path>\n  <path class=\"path3\" d=\"M1011.81 121.905c0 67.326-54.579 121.905-121.905 121.905s-121.905-54.579-121.905-121.905c0-67.326 54.579-121.905 121.905-121.905s121.905 54.579 121.905 121.905z\"></path>\n  <path class=\"path4\" d=\"M243.81 505.905c0 67.326-54.579 121.905-121.905 121.905s-121.905-54.579-121.905-121.905c0-67.326 54.579-121.905 121.905-121.905s121.905 54.579 121.905 121.905z\"></path>\n  <path class=\"path5\" d=\"M627.81 505.905c0 67.326-54.579 121.905-121.905 121.905s-121.905-54.579-121.905-121.905c0-67.326 54.579-121.905 121.905-121.905s121.905 54.579 121.905 121.905z\"></path>\n  <path class=\"path6\" d=\"M1011.81 505.905c0 67.326-54.579 121.905-121.905 121.905s-121.905-54.579-121.905-121.905c0-67.326 54.579-121.905 121.905-121.905s121.905 54.579 121.905 121.905z\"></path>\n  <path class=\"path7\" d=\"M243.81 889.905c0 67.326-54.579 121.905-121.905 121.905s-121.905-54.579-121.905-121.905c0-67.326 54.579-121.905 121.905-121.905s121.905 54.579 121.905 121.905z\"></path>\n  <path class=\"path8\" d=\"M627.81 889.905c0 67.326-54.579 121.905-121.905 121.905s-121.905-54.579-121.905-121.905c0-67.326 54.579-121.905 121.905-121.905s121.905 54.579 121.905 121.905z\"></path>\n  <path class=\"path9\" d=\"M1011.81 889.905c0 67.326-54.579 121.905-121.905 121.905s-121.905-54.579-121.905-121.905c0-67.326 54.579-121.905 121.905-121.905s121.905 54.579 121.905 121.905z\"></path>\n</symbol>\n<symbol id=\"icon-list\" viewBox=\"0 0 1365 1024\">\n  <title>list</title>\n  <path class=\"path1\" d=\"M487.619 828.952h780.19c53.861 0 97.524 43.663 97.524 97.524v-48.762c0 53.861-43.663 97.524-97.524 97.524h-780.19c-53.861 0-97.524-43.663-97.524-97.524v48.762c0-53.861 43.663-97.524 97.524-97.524z\"></path>\n  <path class=\"path2\" d=\"M243.81 902.095c0 67.326-54.579 121.905-121.905 121.905s-121.905-54.579-121.905-121.905c0-67.326 54.579-121.905 121.905-121.905s121.905 54.579 121.905 121.905z\"></path>\n  <path class=\"path3\" d=\"M487.619 438.857h780.19c53.861 0 97.524 43.663 97.524 97.524v-48.762c0 53.861-43.663 97.524-97.524 97.524h-780.19c-53.861 0-97.524-43.663-97.524-97.524v48.762c0-53.861 43.663-97.524 97.524-97.524z\"></path>\n  <path class=\"path4\" d=\"M243.81 512c0 67.326-54.579 121.905-121.905 121.905s-121.905-54.579-121.905-121.905c0-67.326 54.579-121.905 121.905-121.905s121.905 54.579 121.905 121.905z\"></path>\n  <path class=\"path5\" d=\"M487.619 48.762h780.19c53.861 0 97.524 43.663 97.524 97.524v-48.762c0 53.861-43.663 97.524-97.524 97.524h-780.19c-53.861 0-97.524-43.663-97.524-97.524v48.762c0-53.861 43.663-97.524 97.524-97.524z\"></path>\n  <path class=\"path6\" d=\"M243.81 121.905c0 67.326-54.579 121.905-121.905 121.905s-121.905-54.579-121.905-121.905c0-67.326 54.579-121.905 121.905-121.905s121.905 54.579 121.905 121.905z\"></path>\n</symbol>\n</defs>\n</svg>\n","components/common/main-navigation-pages":"{{#each pages}}\n  <li class=\"main-nav-item nav-page {{#if children}}dropdown{{/if}}\">\n    <a class=\"top-level-nav-link pages\" href=\"{{url}}\">\n      <span>{{name}}</span>\n      {{#if children}}\n        <span class=\"dropdown-toggle\">\n          <svg class=\"icon icon-arrow-down\"><use xlink:href=\"#icon-arrow-down\" /></svg>\n        </span>\n      {{/if}}\n    </a>\n    {{#if children}}\n      <ul class=\"dropdown-panel\">\n        {{#each children}}\n          <li>\n            <a href=\"{{url}}\">{{name}}</a>\n            {{#if children}}\n              <ul>\n                {{#each children}}\n                  <li><a href=\"{{url}}\">{{name}}</a></li>\n                {{/each}}\n              </ul>\n            {{/if}}\n          </li>\n        {{/each}}\n      </ul>\n    {{/if}}\n  </li>\n{{/each}}\n","components/common/mega-nav-variant":"<div class=\"navigation-container\">\n  <div class=\"container\">\n    <section class=\"navigation-root-container\">\n      <ul class=\"navigation-root-list\">\n        {{#each nav_items}}\n          <li class=\"navigation-root-item\" {{#if children}}data-child-category-id=\"{{id}}\" data-navigation-root-item{{/if}}>\n            <a href=\"{{url}}\">{{name}}</a>\n          </li>\n        {{/each}}\n      </ul>\n    </section>\n    <section class=\"navigation-child-container\">\n      {{#each nav_items}}\n        {{#if children}}\n          <div class=\"navigation-child-list-container\" data-parent-category-id=\"{{id}}\">\n            <h1 class=\"navigation-child-list-header\">{{name}}</h1>\n            <div class=\"navigation-child-list-inner\">\n              <ul class=\"navigation-child-list\">\n                <li class=\"navigation-child-item\"><a href=\"{{url}}\">{{lang 'common.navigation_all' name=name}}</a></li>\n                {{#each children}}\n                  {{#if children}}\n                    <li class=\"navigation-child-item\" data-child-category-id=\"{{id}}\" data-find-child>\n                      <a href=\"#\">{{name}}</a><span class=\"child-item-arrow\"><svg width=\"10\" height=\"9\" class=\"icon icon-arrow-down\"><use xlink:href=\"#icon-arrow-down\" /></svg></span>\n                    </li>\n                  {{else}}\n                    <li class=\"navigation-child-item\"><a href=\"{{url}}\">{{name}}</a></li>\n                  {{/if}}\n                {{/each}}\n              </ul>\n            </div>\n          </div>\n          {{> components/common/mega-nav-variant-child-recursive}}\n        {{/if}}\n      {{/each}}\n    </section>\n  </div>\n</div>\n","components/common/mega-nav-variant-child-recursive":"{{#each children}}\n  {{#if children}}\n    <div class=\"navigation-child-list-container\" data-parent-category-id=\"{{id}}\">\n      <span class=\"child-list-back\" data-find-parent>\n        <svg width=\"10\" height=\"9\" class=\"icon icon-arrow-down\"><use xlink:href=\"#icon-arrow-down\" /></svg>\n        <a href=\"#\">Back</a>\n      </span>\n      <h1 class=\"navigation-child-list-header\">{{name}}</h1>\n      <div class=\"navigation-child-list-inner\">\n        <ul class=\"navigation-child-list\">\n          <li class=\"navigation-child-item\"><a href=\"{{url}}\">{{lang 'common.navigation_all' name=name}}</a></li>\n          {{#each children}}\n            {{#if children}}\n              <li class=\"navigation-child-item\" data-child-category-id=\"{{id}}\" data-find-child>\n                <a href=\"#\">{{name}}</a><span class=\"child-item-arrow\"><svg width=\"10\" height=\"9\" class=\"icon icon-arrow-down\"><use xlink:href=\"#icon-arrow-down\" /></svg></span>\n              </li>\n            {{else}}\n              <li class=\"navigation-child-item\"><a href=\"{{url}}\">{{name}}</a></li>\n            {{/if}}\n          {{/each}}\n        </ul>\n      </div>\n    </div>\n    {{> components/common/mega-nav-variant-child-recursive}}\n  {{/if}}\n{{/each}}\n","components/common/navigation-mega":"{{!\r\n  @param nav_items\r\n         > either \"pages\" or \"categories\", passed from parent template\r\n}}\r\n\r\n{{#each nav_items}}\r\n  <li class=\"parent {{#if children}}has-children{{/if}}\">\r\n    <a class=\"{{#if image}}has-image{{/if}}\" href=\"{{url}}\">{{name}}</a>\r\n    {{#unless ../theme_settings.meganav-show-top-level-only}}\r\n      {{#if children}}\r\n      \r\n       <div class=\"children-menu-image\">\r\n          <div class=\"cat_menu_title\"> <a href=\"{{url}}\">{{name}}</a></div>\r\n           \r\n        <ul class=\"children\">\r\n          {{#each children}}\r\n            <li>\r\n              <a class=\"{{#if image}}has-image{{/if}}\" href=\"{{url}}\">{{name}}</a>\r\n              {{#if children}}\r\n                <ul>\r\n                  {{#each children}}\r\n                    <li><a href=\"{{url}}\">{{name}}</a></li>\r\n                  {{/each}}\r\n                </ul>\r\n              {{/if}}\r\n            </li>\r\n          {{/each}}\r\n        </ul>\r\n         <div class=\"category-image-container-new\">\r\n         <div class=\"category-image-new\" style=\"background-image: url({{getImage image 'product'}});\">\r\n           <img class=\"sr-only\" src=\"{{getImage image 'product'}}\" alt=\"{{image.alt}}\" />\r\n           \r\n        </div>\r\n    </div>\r\n        </div>\r\n      {{/if}}\r\n    {{/unless}}\r\n    \r\n   \r\n    \r\n    \r\n    \r\n    \r\n  </li>\r\n{{/each}}\r\n","components/common/navigation-multi-level":"{{!\n  @param nav_items\n         > either \"pages\" or \"categories\", passed from parent template\n}}\n\n<nav class=\"navigation\">\n  <ul>\n    {{#each nav_items}}\n      <li class=\"{{#if children}}dropdown{{/if}}\">\n        <a class=\"top-level-nav-link\" href=\"{{url}}\">\n          {{name}}\n          {{#if children}}\n            <span class=\"dropdown-toggle\">\n              <i class=\"icon icon-arrow-down\"></i>\n            </span>\n          {{/if}}\n        </a>\n        {{#if children}}\n          <ul class=\"dropdown-panel\">\n            {{! only categories have IDs}}\n            {{#if this.id}}\n              <li><a href=\"{{url}}\">{{lang 'common.navigation_all' name=name}}</a></li>\n            {{/if}}\n            {{#each children}}\n              <li>\n                <a href=\"{{url}}\">{{name}}</a>\n                {{#if children}}\n                  <ul>\n                    {{#each children}}\n                      <li><a href=\"{{url}}\">{{name}}</a></li>\n                    {{/each}}\n                  </ul>\n                {{/if}}\n              </li>\n            {{/each}}\n          </ul>\n        {{/if}}\n      </li>\n    {{/each}}\n    {{#if settings.gift_certificates_enabled}}\n      {{#if nav_items '==' pages}}\n        <li><a href=\"{{urls.gift_certificate.purchase}}\">{{lang 'header.gift_certificate_cta'}}</a></li>\n      {{/if}}\n    {{/if}}\n  </ul>\n</nav>\n","components/common/navigation-top-level":"{{!\n  @param nav_items\n         > either \"pages\" or \"categories\", passed from parent template\n}}\n\n<nav class=\"navigation\">\n  <ul>\n    {{#each nav_items}}\n      <li>\n        <a class=\"top-level-nav-link\" href=\"{{url}}\">\n          {{name}}\n        </a>\n      </li>\n    {{/each}}\n  </ul>\n</nav>\n","components/common/newsletter-signup":"<div class=\"newsletter-signup\">\n  <form class=\"form subscription-form\" action=\"{{urls.subscribe.action}}\" method=\"post\" data-validated-form>\n    <input type=\"hidden\" name=\"action\" value=\"subscribe\">\n    <input type=\"hidden\" name=\"nl_first_name\" value=\"bc\">\n    <input type=\"hidden\" name=\"check\" value=\"1\">\n    <div class=\"form-field form-inline\">\n      <label class=\"sr-only\" for=\"nl_email\">{{lang 'newsletter.email_placeholder'}}</label>\n      <input class=\"form-input form-input-short\" id=\"nl_email\" name=\"nl_email\" type=\"email\" value=\"{{customer.email}}\" placeholder=\"{{lang 'newsletter.email_placeholder'}}\" required>\n    </div>\n    <button class=\"submit\" type=\"submit\">\n      <svg class=\"icon icon-arrow-right\"><use xlink:href=\"#icon-arrow-right\" /></svg>\n    </button>\n  </form>\n</div>\n","components/common/pagination":"{{#if links.length}}\n  <nav class=\"pagination\">\n    <a\n      class=\"pagination-link {{#unless previous}}disabled{{/unless}}\"\n      href=\"{{previous}}\">\n        <svg class=\"icon icon-arrow-left\"><use xlink:href=\"#icon-arrow-left\" /></svg>\n    </a>\n\n    {{#each links}}\n      <a\n        class=\"pagination-link pagination-page-link {{#if ../current \"==\" number}}active{{/if}}\"\n        href=\"{{url}}\">\n          {{number}}\n      </a>\n    {{/each}}\n\n    <a\n      class=\"pagination-link {{#unless next}}disabled{{/unless}}\"\n      href=\"{{next}}\">\n        <svg class=\"icon icon-arrow-right\"><use xlink:href=\"#icon-arrow-right\" /></svg>\n    </a>\n  </nav>\n{{/if}}\n","components/common/search-form":"{{{snippet 'forms_search'}}}\n\n<form class=\"search-form\" action=\"/search.php\" data-validated-form>\n  <div class=\"form-field\">\n    <input class=\"search-input form-input form-input-short\" name=\"search_query\" placeholder=\"{{lang 'header.search'}}\" required>\n  </div>\n  <button class=\"button-search-submit\" type=\"submit\">\n    <svg class=\"icon icon-search\"><use xlink:href=\"#icon-search\" /></svg>\n  </button>\n</form>\n","components/common/site-branding":"<a class=\"site-branding-link\" href=\"{{urls.home}}\">\n  {{# if settings.store_logo.image }}\n    <img class=\"site-branding-logo\" src=\"{{getImage settings.store_logo.image 'blog-thumb'}}\" alt=\"{{settings.store_logo.title}}\">\n  {{else}}\n    <a href=\"{{urls.home}}\">\n      <span class=\"site-branding-title\">{{settings.store_logo.title}}</span>\n    </a>\n  {{/if}}\n</a>\n","components/common/social-media-links":"<ul class=\"footer-social-media\">\n  {{#each links}}\n    {{#if display_name '==' 'twitter'}}\n      <li class=\"social-media-link\">\n        <a href=\"{{this.url}}\" title=\"{{this.name}}\" target=\"_blank\">\n          {{> svg/social/twitter}}\n          <span class=\"sr-only\">{{this.name}}</span>\n        </a>\n      </li>\n    {{/if}}\n\n    {{#if display_name '==' 'facebook'}}\n      <li class=\"social-media-link\">\n        <a href=\"{{this.url}}\" title=\"{{this.name}}\" target=\"_blank\">\n          {{> svg/social/facebook}}\n          <span class=\"sr-only\">{{this.name}}</span>\n        </a>\n      </li>\n    {{/if}}\n\n    {{#if display_name '==' 'google+'}}\n      <li class=\"social-media-link\">\n        <a href=\"{{this.url}}\" title=\"{{this.name}}\" target=\"_blank\">\n          {{> svg/social/googleplus}}\n          <span class=\"sr-only\">{{this.name}}</span>\n        </a>\n      </li>\n    {{/if}}\n\n    {{#if display_name '==' 'pinterest'}}\n      <li class=\"social-media-link\">\n        <a href=\"{{this.url}}\" title=\"{{this.name}}\" target=\"_blank\">\n          {{> svg/social/pinterest}}\n          <span class=\"sr-only\">{{this.name}}</span>\n        </a>\n      </li>\n    {{/if}}\n\n    {{#if display_name '==' 'youtube'}}\n      <li class=\"social-media-link\">\n        <a href=\"{{this.url}}\" title=\"{{this.name}}\" target=\"_blank\">\n          {{> svg/social/youtube}}\n          <span class=\"sr-only\">{{this.name}}</span>\n        </a>\n      </li>\n    {{/if}}\n\n    {{#if display_name '==' 'instagram'}}\n      <li class=\"social-media-link\">\n        <a href=\"{{this.url}}\" title=\"{{this.name}}\" target=\"_blank\">\n          {{> svg/social/instagram}}\n          <span class=\"sr-only\">{{this.name}}</span>\n        </a>\n      </li>\n    {{/if}}\n\n    {{#if display_name '==' 'linkedin'}}\n      <li class=\"social-media-link\">\n        <a href=\"{{this.url}}\" title=\"{{this.name}}\" target=\"_blank\">\n          {{> svg/social/linkedin}}\n          <span class=\"sr-only\">{{this.name}}</span>\n        </a>\n      </li>\n    {{/if}}\n\n    {{#if display_name '==' 'tumblr'}}\n      <li class=\"social-media-link\">\n        <a href=\"{{this.url}}\" title=\"{{this.name}}\" target=\"_blank\">\n          {{> svg/social/tumblr}}\n          <span class=\"sr-only\">{{this.name}}</span>\n        </a>\n      </li>\n    {{/if}}\n\n    {{#if display_name '==' 'stumbleupon'}}\n      <li class=\"social-media-link\">\n        <a href=\"{{this.url}}\" title=\"{{this.name}}\" target=\"_blank\">\n          {{> svg/social/stumbleupon}}\n          <span class=\"sr-only\">{{this.name}}</span>\n        </a>\n      </li>\n    {{/if}}\n\n    {{#if display_name '==' 'rss'}}\n      <li class=\"social-media-link\">\n        <a href=\"{{this.url}}\" title=\"{{this.name}}\" target=\"_blank\">\n          {{> svg/social/rss}}\n          <span class=\"sr-only\">{{this.name}}</span>\n        </a>\n      </li>\n    {{/if}}\n  {{/each}}\n</ul>\n","components/faceted-search/facets/hierarchy":"<ul class=\"facet-list-items {{#if selected}}is-open{{/if}} {{#unless start_collapsed}}is-open{{/unless}}\" data-count=\"{{items_count}}\" data-facet-filter-wrapper>\n  {{#each items}}\n    <li class=\"facet-item\" data-facet-item>\n      <a href=\"{{url}}\" rel=\"nofollow\" data-faceted-search-facet>\n        {{title}}\n        {{#if ../show_product_counts}}<span class=\"facet-item-count\" data-facet-item-count>({{count}})</span>{{/if}}\n      </a>\n    </li>\n  {{/each}}\n</ul>\n","components/faceted-search/facets/multi":"<ul class=\"facet-list-items {{#if selected}}is-open{{/if}} {{#unless start_collapsed}}is-open{{/unless}} {{#if items_count '<' total_items}}has-additional-filters{{/if}}\" data-count=\"{{items_count}}\" data-facet-filter-wrapper>\n  {{#each items}}\n    <li class=\"facet-item {{#if @index '>=' 5}}hidden{{/if}} {{#if selected}}selected-facet{{/if}}\" data-facet-item>\n      <a href=\"{{url}}\" rel=\"nofollow\" data-faceted-search-facet>\n        {{title}}\n        {{#if ../show_product_counts}}<span class=\"facet-item-count\" data-facet-item-count>({{count}})</span>{{/if}}\n      </a>\n    </li>\n  {{/each}}\n\n  {{#if total_items \">\" 5}}\n    <li>\n      <a class=\"facet-toggle-more\" href=\"#\" data-facet-more>\n        {{lang 'faceted_search.show_more'}}\n        <svg class=\"icon icon-arrow-down\"><use xlink:href=\"#icon-arrow-down\" /></svg>\n      </a>\n    </li>\n  {{/if}}\n</ul>\n","components/faceted-search/facets/range":"<div class=\"facet-list-items\" data-facet-filter-wrapper>\n  <form class=\"facet-price {{#if selected}}is-open{{/if}} {{#unless start_collapsed}}is-open{{/unless}}\" method=\"get\" data-faceted-search-range data-validated-form>\n    {{#each current_selected_items}}\n      <input type=\"hidden\" name=\"{{param_name}}\" value=\"{{param_value}}\"/>\n    {{/each}}\n\n    <div class=\"form-field\">\n      <input\n        class=\"form-input form-input-short\"\n        name=\"min_price\"\n        min=\"0\"\n        type=\"number\"\n        value=\"{{min_price}}\"\n        placeholder=\"{{lang 'faceted_search.min_price'}}\"\n        required\n      />\n    </div>\n\n    <div class=\"form-field\">\n      <input\n        class=\"form-input form-input-short\"\n        name=\"max_price\"\n        min=\"0\"\n        type=\"number\"\n        value=\"{{max_price}}\"\n        placeholder=\"{{lang 'faceted_search.max_price'}}\"\n        required\n      />\n    </div>\n\n    <div class=\"form-actions\">\n      <button class=\"button button-short\" type=\"submit\">\n        {{lang 'faceted_search.submit'}}\n      </button>\n    </div>\n\n  </form>\n</div>\n","components/faceted-search/facets/rating":"<ul class=\"facet-list-items {{#if selected}}is-open{{/if}} {{#unless start_collapsed}}is-open{{/unless}}\" data-facet-filter-wrapper>\n  <li class=\"product-item-rating\" data-facet-item>\n    {{#for 1 4 items}}\n\n      {{#each this}}\n        {{#if param_value '==' ../$index}}\n          <a class=\"product-item-rating-facet {{#if ../selected '==' true}}full{{/if}}\" href=\"{{url}}\" rel=\"nofollow\" data-faceted-search-facet data-rating=\"{{lang 'faceted_search.stars' num=param_value}}\">\n        {{/if}}\n      {{/each}}\n\n      <svg class=\"icon icon-star \"><use xlink:href=\"#icon-star\" /></svg>\n\n      {{#each this}}\n        {{#if param_value '==' ../$index}}\n          </a>\n        {{/if}}\n      {{/each}}\n\n    {{/for}}\n\n    {{#each items}}\n      {{#if selected '==' true}}\n        <span class=\"selected-rating\">{{lang 'faceted_search.stars' num=param_value}}</span>\n      {{/if}}\n    {{/each}}\n  </li>\n</ul>\n","components/footer/brand-navigation":"{{#if shop_by_brand}}\n  <h4 class=\"footer-title\">{{lang 'footer.brand_nav'}}</h4>\n  <nav class=\"navigation\">\n    <ul>\n      {{#each shop_by_brand}}\n        {{#if @index '<' 5}}\n          <li>\n            <a href=\"{{url}}\" class=\"first-one\">{{name}}</a>\n          </li>\n        {{/if}}\n      {{/each}}\n      {{#if shop_by_brand.length '>' 5}}\n        <li class=\"footer-link-separation\">\n          <a href=\"{{urls.brands}}\">{{lang 'footer.view_all'}}</a>\n        </li>\n      {{/if}}\n    </ul>\n  </nav>\n{{/if}}\n","components/footer/footer":"{{#if banners.bottom}}\r\n  <div class=\"banners banners-bottom\">\r\n    {{#each banners.bottom}}\r\n      <div class=\"banner rte\">\r\n        {{{this}}}\r\n      </div>\r\n    {{/each}}\r\n  </div>\r\n{{/if}}\r\n\r\n<footer class=\"site-footer\">\r\n  <div class=\"container\">\r\n      \r\n      \r\n      \r\n      \r\n    <div class=\"footer-col footer-info\">\r\n      <h4 class=\"footer-title site-branding {{#if settings.store_logo.image}}has-logo{{/if}}\">\r\n        {{> components/common/site-branding}}\r\n      </h4>\r\n      {{#if theme_settings.footer-show-address }}\r\n        <p>{{settings.address}}</p>\r\n        {{settings.Privacy_Cookie}}\r\n        \r\n        \r\n        <p><a class=\"site-phone-number\" href=\"tel:{{settings.phone_number}}\">{{settings.phone_number}}</a></p>\r\n      {{/if}}\r\n      \r\n       {{#if settings.show_newsletter_box}}\r\n        <div class=\"footer-newsletter\">\r\n          <h4 class=\"footer-title\">{{lang 'footer.subscribe'}}</h4>\r\n          {{> components/common/newsletter-signup}}\r\n        </div>\r\n      {{/if}}\r\n       <div class=\"footer-col footer-social-icons\">\r\n      {{#if social_media.length}}\r\n        <div class=\"footer-social\">\r\n          <h4 class=\"footer-title\">{{lang 'footer.social_title'}}</h4>\r\n          {{> components/common/social-media-links links=social_media}}\r\n        </div>\r\n      {{/if}}\r\n    </div>\r\n    \r\n    </div>\r\n    \r\n    \r\n    \r\n    \r\n    <div class=\"footer-col footer-nav brands\">\r\n      <h4 class=\"footer-title\">{{lang 'footer.page_nav'}}</h4>\r\n      {{> components/common/navigation-multi-level nav_items=pages}}\r\n      <nav class=\"navigation\">\r\n          <ul>\r\n             <li><a class=\"top-level-nav-link\" href=\"http://www.stonecountyironworks.com/sustainability/\">Eco</a></li>\r\n             \r\n             <li><a class=\"top-level-nav-link\" href=\"http://www.stonecountyironworks.com/policies/\">Policies</a></li>\r\n             \r\n             <li><a class=\"top-level-nav-link\" href=\"http://www.stonecountyironworks.com/artisan-bios/\">Meet The Makers</a></li>\r\n\r\n             <li><a class=\"top-level-nav-link\" href=\"http://www.stonecountyironworks.com/about/\">Why We Forge</a></li>\r\n         </ul>\r\n        </nav>\r\n    </div>\r\n    <div class=\"footer-col footer-nav categories\">\r\n      {{#if theme_settings.footer-show-categories}}\r\n        <h4 class=\"footer-title\">{{lang 'footer.category_nav'}}</h4>\r\n        {{> components/common/navigation-top-level nav_items=categories}}\r\n      {{else}}\r\n        {{> components/footer/brand-navigation}}\r\n      {{/if}}\r\n    </div>\r\n    \r\n  </div>\r\n   \r\n   \r\n    \r\n  <div class=\"bottom-bar theme-credits\">\r\n    <div class=\"container\">\r\n      <div class=\"footer-payment-icons {{#if theme_settings.theme-credits}}align-right{{/if}}\">\r\n        <ul class=\"footer-payment-icons-list\">\r\n          {{#if theme_settings.payment_visa}}\r\n            <li>{{> svg/visa}}</li>\r\n          {{/if}}\r\n\r\n          {{#if theme_settings.payment_mastercard}}\r\n            <li>{{> svg/mastercard}}</li>\r\n          {{/if}}\r\n\r\n          {{#if theme_settings.payment_american_express}}\r\n            <li>{{> svg/amex}}</li>\r\n          {{/if}}\r\n\r\n          {{#if theme_settings.payment_discover}}\r\n            <li>{{> svg/discover}}</li>\r\n          {{/if}}\r\n\r\n          {{#if theme_settings.payment_paypal}}\r\n            <li>{{> svg/paypal}}</li>\r\n          {{/if}}\r\n\r\n          {{#if theme_settings.payment_apple_pay}}\r\n            <li>{{> svg/apple}}</li>\r\n          {{/if}}\r\n        </ul>\r\n      </div>\r\n\r\n\r\n\r\n\r\n\r\n\r\n\r\n\r\n\r\n\r\n      {{#any theme_settings.store-copyright theme_settings.theme-credits}}\r\n        <p class=\"credit-text\">\r\n          {{#if theme_settings.theme-credits}}\r\n            <span class=\"footer-credits\">\r\n              {{{lang 'footer.credits'\r\n                theme_name='Merchant'\r\n                theme_author='<a href=\"http://pixelunion.net\" target=\"_blank\">Pixel Union</a>'\r\n                theme_platform='<a href=\"http://bigcommerce.com\" target=\"_blank\" rel=\"nofollow\">Bigcommerce</a>'\r\n              }}}\r\n            </span>\r\n          {{/if}}\r\n\r\n          {{#all theme_settings.store-copyright theme_settings.theme-credits}} | {{/all}}\r\n\r\n          {{#if theme_settings.store-copyright}}\r\n            <span class=\"footer-copyright\">&copy; <script>document.write(new Date().getFullYear())</script> {{settings.store_name}}</span>\r\n          {{/if}}\r\n        </p>\r\n      {{/any}}\r\n\r\n      {{#if theme_settings.sitemap}}\r\n        <p class=\"sitemap-text {{#unless theme_settings.theme-credits}}align-center{{/unless}}\">\r\n            <a href=\"http://www.stonecountyironworks.com/privacy\">Privacy Policy</a> | \r\n            <a href=\"http://www.stonecountyironworks.com/terms\">Terms & Conditions</a> | \r\n            <a href=\"{{urls.sitemap}}\">{{lang 'sitemap.title'}}</a>\r\n            </p>\r\n      {{/if}}\r\n      <div class=\"designby-bar\"> Designed by <i class=\"fa fa-bolt\"></i> <a href=\"https://www.alcinder.com\" target=\"_blank\">Alcinder Tech</a></div>\r\n    </div>\r\n  </div>\r\n  \r\n\r\n</footer>\r\n","components/global-injects":"{{!-- form validation --}}\n{{inject 'validationRequired' (lang 'forms.validation.required')}}\n{{inject 'validationEmail' (lang 'forms.validation.email')}}\n{{inject 'validationNumber' (lang 'forms.validation.number')}}\n{{inject 'validationNumMax' (lang 'forms.validation.num_max')}}\n{{inject 'validationNumMin' (lang 'forms.validation.num_min')}}\n{{inject 'validationNumRange' (lang 'forms.validation.num_range')}}\n{{inject 'validationMaxLength' (lang 'forms.validation.max_length')}}\n{{inject 'validationMinLength' (lang 'forms.validation.min_length')}}\n{{inject 'validationMaxChecked' (lang 'forms.validation.max_checked')}}\n{{inject 'validationMinChecked' (lang 'forms.validation.min_checked')}}\n{{inject 'validationMaxSelected' (lang 'forms.validation.max_selected')}}\n{{inject 'validationMinSelected' (lang 'forms.validation.min_selected')}}\n{{inject 'validationNotEqual' (lang 'forms.validation.not_equal')}}\n{{inject 'validationDifferent' (lang 'forms.validation.different')}}\n\n{{!-- product-view messages --}}\n{{inject 'urlsCart' urls.cart}}\n{{inject 'urlsCheckout' urls.checkout.single_address}}\n{{inject 'messagesCartLink' (lang 'product.cart_link')}}\n{{inject 'messagesCheckoutLink' (lang 'product.checkout_link')}}\n{{inject 'messagesProductGeneral' (lang 'cart.error')}}\n{{inject 'messagesProductAddSuccess' (lang 'product.success')}}\n{{inject 'messagesWishlistAddSuccess' (lang 'product.wishlist.add_success')}}\n{{inject 'messagesWishlistAddError' (lang 'product.wishlist.add_error')}}\n\n{{!-- product --}}\n{{inject 'productOutOfStock' (lang 'product.error_message_stock')}}\n{{inject 'productPreOrder' (lang 'product.pre_order')}}\n{{inject 'productSoldOut' (lang 'product.sold_out')}}\n{{inject 'productYouSave' (lang 'product.you_save')}}\n{{inject 'productIncludingTax' (lang 'product.including_tax')}}\n{{inject 'productExcludingTax' (lang 'product.excluding_tax')}}\n{{inject 'productPreviewVariation' (lang 'product.preview_variation')}}\n{{inject 'productOptionUnavailable' (lang 'product.option_unavailable')}}\n\n{{inject 'listingProductCount' theme_settings.product-count}}\n\n{{!-- cart-view messages --}}\n{{inject 'messagesCartRemoveConfirm' (lang 'cart.remove_confirm')}}\n{{inject 'messagesCartOutOfStock' (lang 'cart.out_of_stock')}}\n{{inject 'messagesCartQuantityErrorGeneral' (lang 'product.quantity_error_general')}}\n{{inject 'shippingState' (lang 'cart.shipping_calculator.enter_a_state')}}\n","components/header/account-button":"{{#if customer}}\n  <div class=\"dropdown dropdown-account\">\n    <a class=\"top-bar-button dropdown-toggle\" href=\"#\">\n      <svg class=\"icon icon-account\"><use xlink:href=\"#icon-account\" /></svg>\n    </a>\n    <div class=\"dropdown-panel dropdown-panel-tooltip\">\n      <a class=\"account-link\" href=\"{{urls.account.index}}\">account</a>\n      <a class=\"account-link\" href=\"{{urls.auth.logout}}\">logout</a>\n    </div>\n  </div>\n{{else}}\n  <a class=\"top-bar-button\" href=\"{{urls.auth.login}}\">\n    <svg class=\"icon icon-account\"><use xlink:href=\"#icon-account\" /></svg>\n  </a>\n{{/if}}\n","components/header/alert-messages":"{{#each product.reviews.messages}}\n  {{#if error}}\n    {{> core/alerts/alert-error message=error dismissable=true}}\n  {{/if}}\n  {{#if success}}\n    {{> core/alerts/alert-success message=success dismissable=true}}\n  {{/if}}\n{{/each}}\n\n{{#if cart.status_messages}}\n  {{#each cart.status_messages}}\n    {{#if type '==' 0}}\n      {{> core/alerts/alert-error message=message dismissable=true}}\n    {{/if}}\n\n    {{#if type '==' 1}}\n      {{> core/alerts/alert-success message=message dismissable=true}}\n    {{/if}}\n\n    {{#if type '==' 3}}\n      {{> core/alerts/alert-error message=message dismissable=true}}\n    {{/if}}\n  {{/each}}\n{{/if}}\n\n{{#if shipping_messages}}\n  {{#each shipping_messages}}\n    {{> core/alerts/alert-info message=message dismissable=true}}\n  {{/each}}\n{{/if}}\n\n{{#if cart.status_messages}}\n  {{#each cart.status_messages}}\n    {{#if type '==' 2}}\n      {{> core/alerts/alert-info message=message dismissable=true}}\n    {{/if}}\n  {{/each}}\n{{/if}}\n\n{{#if product.shipping_messages}}\n  {{#each product.shipping_messages}}\n    {{> core/alerts/alert-info message=message dismissable=true}}\n  {{/each}}\n{{/if}}\n","components/header/category-image":"<div class=\"category-image\" style=\"background-image: url({{getImage image 'product'}});\">\n  <img class=\"sr-only\" src=\"{{getImage image 'product'}}\" alt=\"{{image.alt}}\" />\n  <a class=\"category-link\" href=\"{{url}}\">\n    <span class=\"category-cta\">{{lang 'header.category_image_text' category_name=name}}</span>\n  </a>\n</div>\n","components/header/compare-list":"<div data-compare-widget class=\"compare-wrap custom-util dropdown\">\n  <button class=\"top-bar-button button-compare-toggle dropdown-toggle\">\n    {{lang 'header.compare'}}\n    <span class=\"compare-items-count\"></span>\n  </button>\n  <div class=\"compare-tab dropdown-panel dropdown-panel-tooltip\" data-compare-tab>\n    <ul class=\"compare-items-list\" data-compare-items-wrapper data-compare-items></ul>\n    <div class=\"compare-tab-lower\">\n      <a href=\"{{urls.compare}}\" data-compare-link=\"{{urls.compare}}\" class=\"button button-primary compare-submit\" data-compare-text=\"{{lang 'compare.compare_submit'}}\" data-add-more-text=\"{{lang 'compare.add_more'}}\"></a>\n    </div>\n  </div>\n</div>\n","components/header/currency-selector":"{{#if currency_selector.currencies.length \">\" 1}}\n  <div class=\"currency-selector customer-util\" data-currency-selector>\n    <span class=\"form-selected-text\" data-currency-selector-toggle>\n      {{currency_selector.active_currency_code}}\n    </span>\n    <i class=\"icon icon-arrow-down\"></i>\n    <select class=\"currencies\">\n      {{#each currency_selector.currencies}}\n        <option value=\"{{{switch_url}}}\" {{#if is_active}}selected{{/if}} data-value=\"{{currency-code}}\">\n          {{name}}\n        </option>\n      {{/each}}\n    </select>\n  </div>\n{{/if}}\n","components/header/customer-utils":"{{> components/header/compare-list}}\n\n{{> components/header/currency-selector}}\n\n{{#if settings.account_creation_enabled}}\n  <div class=\"customer-links customer-util\">\n    {{> components/header/account-button}}\n  </div>\n{{/if}}\n\n{{#if settings.show_wishlist}}\n  {{#if customer}}\n    <a class=\"top-bar-button button-wishlist customer-util\" href=\"{{urls.account.wishlists.all}}\">\n      <svg class=\"icon icon-wishlist\"><use xlink:href=\"#icon-wishlist\" /></svg>\n    </a>\n  {{/if}}\n{{/if}}\n\n<div class=\"mini-cart-wrap dropdown customer-util logo-align-center\">\n  {{> components/mini-cart/mini-cart }}\n</div>\n","components/header/header":"<header class=\"site-header\" role=\"banner\">\r\n    \r\n{{#if customer}}\r\n    {{#or (if customer.customer_group_id '===' '2') (if customer.customer_group_id '===' '4') (if customer.customer_group_id '===' '5') }}\r\n    \t <div class=\"top-bar-customer\">Notice: Free Shipping Ends 10/1/23</div>\r\n      {{/or}}\r\n{{/if}}\r\n\r\n  <div class=\"site-alerts\" data-alerts>\r\n    {{> components/header/alert-messages}}\r\n  </div>\r\n  <section class=\"top-bar logo-align-{{theme_settings.header-logo-alignment}}\">\r\n    <div class=\"container\">\r\n\r\n      <a href=\"{{urls.compare}}\" data-compare-link=\"{{urls.compare}}\" class=\"mobile-compare-link button-compare-toggle\">\r\n        {{lang 'compare.compare_submit'}}\r\n        <span class=\"compare-items-count\"></span>\r\n      </a>\r\n\r\n      {{> components/header/header-top-bar alignment=theme_settings.header-logo-alignment}}\r\n    </div>\r\n  </section>\r\n\r\n  <section class=\"main-nav-bar\">\r\n    <div class=\"container\">\r\n    \r\n\r\n      <nav class=\"navigation\">\r\n                   <!--    <div ID=\"product_msg2\"></div> -->\r\n\r\n        <!-- ul>\r\n          {{#if theme_settings.global-show-home-in-nav}}\r\n            <li class=\"main-nav-item\"><a class=\"top-level-nav-link\" href=\"{{urls.home}}\">{{lang 'header.home_nav_item'}}</a></li>\r\n          {{/if}}\r\n          <li class=\"main-nav-item dropdown mega-nav\">\r\n            <a class=\"dropdown-toggle top-level-nav-link\" href=\"#\">\r\n              {{lang 'header.shop_nav_item'}}\r\n              <svg class=\"icon icon-arrow-down\"><use xlink:href=\"#icon-arrow-down\" /></svg>\r\n            </a>\r\n            <div class=\"dropdown-panel mega-nav-panel {{#unless theme_settings.meganav-show-category-images}}no-images{{/unless}}{{#if theme_settings.meganav-use-variant}} variant{{/if}}\">\r\n              {{#if theme_settings.meganav-use-variant}}\r\n                {{> components/common/mega-nav-variant nav_items=categories}}\r\n              {{else}}\r\n                <div class=\"container  {{#if theme_settings.meganav-use-fullwidth}}full-width{{/if}}\">\r\n                  <ul class=\"mega-nav-list\">\r\n                    {{> components/common/navigation-mega nav_items=categories}}\r\n                  </ul>\r\n                  {{#if theme_settings.meganav-show-category-images}}\r\n                    <div class=\"category-image-container\">\r\n                      {{#each categories}}\r\n                        {{#if image}}\r\n                          {{> components/header/category-image}}\r\n                        {{/if}}\r\n                        {{#each children}}\r\n                          {{#if image}}\r\n                            {{> components/header/category-image}}\r\n                          {{/if}}\r\n                        {{/each}}\r\n                      {{/each}}\r\n                    </div>\r\n                  {{/if}}\r\n                </div>\r\n              {{/if}}\r\n            </div>\r\n          </li>\r\n        </ul-->\r\n        \r\n       \r\n                  \r\n                  \r\n        <ul class=\"mega-nav-list custom_menu_desing\">\r\n            {{> components/common/navigation-mega nav_items=categories}}\r\n        </ul>   \r\n                  \r\n                  \r\n      </nav>\r\n      <div class=\"customer-utils\">\r\n        {{> components/header/customer-utils}}\r\n      </div>\r\n    </div>\r\n  </section>\r\n  \r\n\r\n</header>\r\n","components/header/header-top-bar":"{{#if alignment '===' 'left'}}\n  {{> components/header/header-top-bar-left-align}}\n{{/if}}\n\n{{#if alignment '===' 'center'}}\n  {{> components/header/header-top-bar-center-align}}\n{{/if}}\n\n{{#if alignment '===' 'right'}}\n  {{> components/header/header-top-bar-right-align}}\n{{/if}}\n","components/header/header-top-bar-center-align":"<div class=\"top-bar-left\">\n  <div class=\"search-wrap search-compressed\">\n    {{> components/common/search-form}}\n  </div>\n</div>\n\n<div class=\"top-bar-center\">\n  {{> components/common/site-branding}}\n</div>\n\n<div class=\"top-bar-right\">\n  <div class=\"customer-utils\">\n    {{> components/header/customer-utils}}\n  </div>\n</div>\n\n<button class=\"top-bar-button button-mobile-nav-toggle\">\n  <i class=\"burger\"></i>\n</button>\n","components/header/header-top-bar-left-align":"<div class=\"top-bar-left\">\r\n  {{> components/common/site-branding}}\r\n</div>\r\n\r\n<div class=\"top-bar-right\">\r\n    <ul class=\"page_menu_top\">          {{> components/common/main-navigation-pages}}\r\n</ul>\r\n\r\n<div class=\"header_phone_other\">\r\n    <div class=\"header_phone\"><a class=\"site-phone-number\" href=\"tel:{{settings.phone_number}}\">{{settings.phone_number}}</a></div>\r\n  <div class=\"other_icon\">\r\n  <div class=\"search-wrap search-compressed\">\r\n    {{> components/common/search-form}}\r\n  </div>\r\n  <div class=\"customer-utils\">\r\n    {{> components/header/customer-utils}}\r\n  </div>\r\n</div>\r\n</div>\r\n</div>\r\n<button class=\"top-bar-button button-mobile-nav-toggle\">\r\n  <i class=\"burger\"></i>\r\n</button>\r\n","components/header/header-top-bar-right-align":"<button class=\"top-bar-button button-mobile-nav-toggle\">\n  <i class=\"burger\"></i>\n</button>\n\n<div class=\"top-bar-left\">\n  <div class=\"search-wrap search-compressed\">\n    {{> components/common/search-form}}\n  </div>\n  <div class=\"customer-utils\">\n    {{> components/header/customer-utils}}\n  </div>\n</div>\n\n<div class=\"top-bar-right\">\n  {{> components/common/site-branding}}\n</div>\n","components/header/navigation-mobile":"<div class=\"navigation-mobile\">\n  <section class=\"utils customer-utils\">\n    {{#if currency_selector.currencies.length \">\" 1}}\n      <div class=\"util\">{{> components/header/currency-selector}}</div>\n    {{/if}}\n    {{#if settings.account_creation_enabled}}\n      <div class=\"util\">{{> components/header/account-button}}</div>\n    {{/if}}\n    <div class=\"util\">\n      <a class=\"cart-link\" href=\"{{urls.cart}}\">\n        <svg class=\"icon icon-cart\"><use xlink:href=\"#icon-cart\" /></svg>\n        <span class=\"icon-cart-count {{#if cart.quantity '>' 0}}show{{/if}}\"><span class=\"number\">{{cart.quantity}}</span></span>\n      </a>\n    </div>\n    <div class=\"util dropdown dropdown-search\">\n      <button class=\"button-search-toggle dropdown-toggle\">\n        <svg class=\"icon icon-search\"><use xlink:href=\"#icon-search\" /></svg>\n      </button>\n      <div class=\"dropdown-panel dropdown-panel-tooltip\">\n        {{> components/common/search-form}}\n      </div>\n    </div>\n  </section>\n\n  <nav class=\"navigation\">\n    <ul>\n      {{#if theme_settings.global-show-home-in-nav}}\n        <li><a class=\"nav-page top-level-nav-link\" href=\"{{urls.home}}\">{{lang 'header.home_nav_item'}}</a></li>\n      {{/if}}\n      <li class=\"dropdown\">\n        <a class=\"nav-page dropdown-toggle top-level-nav-link\" href=\"#\">\n          {{lang 'header.shop_nav_item'}}\n          <svg class=\"icon icon-chevron-down\"><use xlink:href=\"#icon-chevron-down\" /></svg>\n        </a>\n        <div class=\"dropdown-panel\">\n          <ul>\n            {{> components/common/navigation-mega nav_items=categories}}\n          </ul>\n        </div>\n      </li>\n      {{> components/common/main-navigation-pages}}\n    </ul>\n  </nav>\n</div>\n","components/mini-cart/mini-cart":"<button class=\"top-bar-button button-cart-toggle dropdown-toggle\">\n  <svg class=\"icon icon-cart\"><use xlink:href=\"#icon-cart\" /></svg>\n  <span class=\"icon-cart-count {{#if cart.quantity '>' 0}}show{{/if}}\"><span class=\"number\">{{cart.quantity}}</span></span>\n</button>\n<div class=\"dropdown-panel dropdown-panel-tooltip mini-cart\">\n  <div class=\"mini-cart-inner\">\n    <div class=\"mini-cart-contents\">\n      {{> components/mini-cart/mini-cart-contents}}\n    </div>\n  </div>\n</div>\n\n","components/mini-cart/mini-cart-contents":"{{#each cart.items}}\n  <div class=\"mini-cart-item\">\n    <div class=\"mini-cart-item-wrap\">\n      {{#if type '==' 'GiftCertificate'}}\n        <a href=\"{{edit_url}}\">\n          {{> svg/giftcard}}\n        </a>\n      {{else}}\n        <a href=\"{{url}}\">\n          <div class=\"mini-cart-item-thumb\" style=\"background-image: url({{getImage image 'thumb' (cdn ../theme_settings.default-product-image)}})\"></div>\n          <img class=\"sr-only\" src=\"{{getImage image 'thumb' (cdn ../theme_settings.default-product-image)}}\" alt=\"{{image.alt}}\" />\n        </a>\n      {{/if}}\n      <div class=\"mini-cart-item-description\">\n        <a href=\"{{url}}\" class=\"mini-cart-item-title\">{{name}}</a>\n        {{#if options}}\n          <div class=\"product-option\">\n            {{#each options}}\n              <span class=\"option-label\">{{value}}</span>\n            {{/each}}\n          </div>\n        {{/if}}\n        <span class=\"mini-cart-item-price\">{{price.formatted}} &times; {{quantity}}</span>\n      </div>\n      <a class=\"mini-cart-item-remove\" data-cart-item-remove data-product-id=\"{{id}}\" href=\"{{remove_url}}\">\n        <svg class=\"icon icon-close\"><use xlink:href=\"#icon-close\" /></svg>\n      </a>\n    </div>\n  </div>\n{{/each}}\n\n<footer class=\"mini-cart-footer\">\n  {{#if cart.items.length}}\n    <span class=\"cart-count sr-only\">{{cart.quantity}}</span>\n    <h4 class=\"mini-cart-footer-title\">\n      <span>{{lang 'mini_cart.subtotal'}}</span>\n      <span class=\"mini-cart-subtotal\">{{cart.sub_total.formatted}}</span>\n    </h4>\n    <div class=\"mini-cart-actions\">\n      <a class=\"button button-secondary\" href=\"{{urls.cart}}\">{{lang 'mini_cart.view_cart'}}</a>\n      <a class=\"button\" href=\"{{urls.checkout.single_address}}\">{{lang 'mini_cart.checkout'}}</a>\n    </div>\n  {{else}}\n    <p class=\"mini-cart-empty\">{{lang 'mini_cart.empty'}}</p>\n  {{/if}}\n</footer>\n","components/products/listing-utils":"<div class=\"listing-utils\">\n  <div class=\"button-group grid-list-view\">\n    <button class=\"button-group-item view-mode-toggle grid\" data-listing-view=\"grid\">\n      <svg class=\"icon icon-grid\"><use xlink:href=\"#icon-grid\" /></svg>\n    </button>\n    <button class=\"button-group-item view-mode-toggle list\" data-listing-view=\"list\">\n      <svg class=\"icon icon-list\"><use xlink:href=\"#icon-list\" /></svg>\n    </button>\n  </div>\n</div>\n","components/products/price":"<div>\n  {{#if price.without_tax}}\n    <div class=\"product-price-line\" data-product-price-wrapper=\"without-tax\">\n      {{#if price.saved}}\n        <span class=\"price-rrp {{#unless price.with_tax}}highlight{{/unless}}\">{{price.rrp_without_tax.formatted}}</span>\n      {{/if}}\n\n      <span class=\"price-value\"> {{price.without_tax.formatted}}</span>\n\n      {{#if price.with_tax}}\n        <span class=\"tax-label\"> {{lang 'product.excluding_tax'}}</span>\n      {{/if}}\n    </div>\n  {{/if}}\n\n  {{#if price.with_tax}}\n    <div class=\"product-price-line{{#if price.without_tax}} price-second-line{{/if}}\" data-product-price-wrapper=\"with-tax\">\n      {{#if price.saved}}\n        <span class=\"price-rrp {{#unless price.without_tax}}highlight{{/unless}}\">{{price.rrp_with_tax.formatted}}</span>\n      {{/if}}\n\n      <span class=\"price-value\">{{price.with_tax.formatted}}</span>\n\n      {{#if price.without_tax}}\n        <span class=\"tax-label\"> {{lang 'product.including_tax'}}</span>\n      {{/if}}\n    </div>\n  {{/if}}\n\n  {{#if show_savings}}\n    {{#if price.saved}}\n      <div class=\"price-you-save\" data-product-price-saved>\n        {{lang 'product.you_save'}} {{price.saved.formatted}}\n      </div>\n    {{/if}}\n  {{/if}}\n</div>\n","components/products/product-grid-item":"<article class=\"product-grid-item product-block\" data-product-title=\"{{name}}\" data-product-id=\"{{id}}\">\n  <figure class=\"product-item-thumbnail\">\n    {{#if price.saved}}\n      <div class=\"product-badge sale\"><span class=\"message\">{{lang 'product.sale'}}</span></div>\n    {{/if}}\n    {{#if out_of_stock_message}}\n      <div class=\"product-badge sold-out\"><span class=\"message\">{{out_of_stock_message}}</span></div>\n    {{/if}}\n    <a class=\"product-item-thumbnail-image\" href=\"{{url}}\" data-product-href=\"{{url}}\" style=\"background-image: url({{getImage image 'thumb' (cdn default_image)}})\">\n      <img class=\"sr-only\" src=\"{{getImage image 'thumb' (cdn default_image)}}\" alt=\"{{image.alt}}\" />\n      <div class=\"product-item-mask\">\n        <div class=\"product-item-actions\">\n          {{#if show_compare}}\n            <label class=\"button button-short form-label product-item-compare override-dropdown\" for=\"compare-{{id}}\">\n              {{> components/common/compare-checkbox}}\n              <span>\n                <svg class=\"icon icon-check-mark\"><use xlink:href=\"#icon-check-mark\" /></svg>\n                {{lang \"product.compare\"}}\n              </span>\n            </label>\n          {{/if}}\n\n          <button class=\"button button-secondary inverted button-short\" data-quick-shop data-product-id=\"{{id}}\">\n            {{lang 'product.quick_view'}}\n          </button>\n        </div>\n      </div>\n    </a>\n  </figure>\n\n  <div class=\"product-item-details\">\n    {{#if brand.name}}\n      <div class=\"product-item-brand\">{{brand.name}}</div>\n    {{/if}}\n\n    <h1 class=\"product-item-title\">\n      <a href=\"{{{url}}}\" alt=\"{{name}}\">{{name}}</a>\n    </h1>\n\n    <div class=\"product-item-price\" data-product-price=\"{{price.without_tax.formatted}}\">\n      {{> components/products/price price=price}}\n    </div>\n\n    {{#if show_compare}}\n      <label class=\"form-label product-item-compare mobile-compare\" for=\"compare-mobile-{{id}}\">\n        <input\n          type=\"checkbox\"\n          class=\"input-checkbox sr-only\"\n          name=\"products[]\"\n          value=\"{{id}}\"\n          id=\"compare-mobile-{{id}}\"\n          data-compare-checkbox\n          data-compare-id=\"{{id}}\"\n          data-compare-title=\"{{name}}\"\n          data-compare-url=\"{{url}}\"\n          data-compare-price=\"{{price.without_tax.formatted}}\"\n          data-compare-thumbnail=\"{{getImage image 'thumb' (cdn default_image)}}\">\n        <span>\n          <svg class=\"icon icon-check-mark\"><use xlink:href=\"#icon-check-mark\" /></svg>\n          {{lang \"product.compare\"}}\n        </span>\n      </label>\n    {{/if}}\n  </div>\n</article>\n","components/products/sort":"<div class=\"sorting\">\n  <form class=\"product-sort-select\" method=\"get\" data-sort-by>\n    <div class=\"form-field form-inline\">\n        <label class=\"form-label-text\" for=\"sort\">{{lang 'common.sorter.sort_by'}}</label>\n        <div class=\"form-select-wrapper\">\n          <select class=\"form-input form-select form-input-short dyna-width\" name=\"sort\" id=\"sort\">\n            <option value=\"featured\" {{#compare sort 'featured' operator='==='}}selected{{/compare}}>{{lang 'common.sorter.featured'}}</option>\n            <option value=\"newest\" {{#compare sort 'newest' operator='==='}}selected{{/compare}}>{{lang 'common.sorter.newest'}}</option>\n            <option value=\"bestselling\" {{#compare sort 'bestselling' operator='==='}}selected{{/compare}}>{{lang 'common.sorter.top_sellers'}}</option>\n            <option value=\"alphaasc\" {{#compare sort 'alphaasc' operator='==='}}selected{{/compare}}>{{lang 'common.sorter.alpha_asc'}}</option>\n            <option value=\"alphadesc\" {{#compare sort 'alphadesc' operator='==='}}selected{{/compare}}>{{lang 'common.sorter.alpha_desc'}}</option>\n            <option value=\"avgcustomerreview\" {{#compare sort 'avgcustomerreview' operator='==='}}selected{{/compare}}>{{lang 'common.sorter.reviews'}}</option>\n            <option value=\"priceasc\" {{#compare sort 'priceasc' operator='==='}}selected{{/compare}}>{{lang 'common.sorter.price_asc'}}</option>\n            <option value=\"pricedesc\" {{#compare sort 'pricedesc' operator='==='}}selected{{/compare}}>{{lang 'common.sorter.price_desc'}}</option>\n          </select>\n        </div>\n    </div>\n  </form>\n</div>\n\n{{!TODO: Show # per page}}\n","core/alerts/alert-error":"<div class=\"alert alert-error\">\n  {{#if dismissable}}<a class=\"alert-dismiss\">&times;</a>{{/if}}\n\n  <div class=\"alert-message\">\n    {{#if message}}\n      {{{message}}}\n    {{else}}\n      {{{this}}}\n    {{/if}}\n  </div>\n</div>\n","core/alerts/alert-info":"<div class=\"alert alert-info\">\n  {{#if dismissable}}<a class=\"alert-dismiss\">&times;</a>{{/if}}\n\n  <div class=\"alert-message\">\n    {{#if message}}\n      {{{message}}}\n    {{else}}\n      {{{this}}}\n    {{/if}}\n  </div>\n</div>\n","core/alerts/alert-success":"<div class=\"alert alert-success\">\n  {{#if dismissable}}<a class=\"alert-dismiss\">&times;</a>{{/if}}\n\n  <div class=\"alert-message\">\n    {{#if message}}\n      {{{message}}}\n    {{else}}\n      {{{this}}}\n    {{/if}}\n  </div>\n</div>\n","core/structured-data/breadcrumbs":"{{!-- Breadcrumbs: include in base.html --}}\n\n<script id=\"schema-breadcrumbs\">\n  var schema = document.createElement('script');\n  schema.type = 'application/ld+json';\n  schema.text = JSON.stringify({\n    \"@context\": \"http://schema.org\",\n    \"@type\": \"BreadcrumbList\",\n    \"itemListElement\": [\n      {{#each breadcrumbs}}\n        {\n          \"@type\": \"ListItem\",\n          \"position\": {{@index}} + 1,\n          \"item\": {\n            \"@id\": {{#unless @last}}\"{{url}}\"{{else}}window.location.href{{/unless}},\n            \"name\": \"{{name}}\"\n          }\n        }{{#unless @last}},{{/unless}}\n      {{/each}}\n    ]\n  });\n\n  document.querySelector('body').appendChild(schema);\n\n  var script = document.getElementById('schema-breadcrumbs');\n  script.parentElement.removeChild(script);\n</script>\n","core/structured-data/website":"{{!-- Website: include in base.html --}}\n\n<script type=\"application/ld+json\">\n  {\n    \"@context\": \"http://schema.org\",\n    \"@type\": \"WebSite\",\n    \"name\": \"{{settings.store_name}}\",\n    \"url\": \"{{urls.home}}\"\n  }\n</script>\n","layout/base":"<!DOCTYPE html>\r\n<html class=\"no-js\" lang=\"{{ locale_name }}\">\r\n  <head>\r\n      <meta name=\"facebook-domain-verification\" content=\"2ygmlz1oi4x1p62xtq2n2qpn4jovd5\" />\r\n    <title>{{ head.title }}</title>\r\n    <meta name=\"google-site-verification\" content=\"0jjaAzQovIYMvnA1GJRkpHcD6O97eG8FCo-NhluqwxA\" />\r\n    {{{ head.meta_tags }}}\r\n    {{{ head.config }}}\r\n    {{#block \"head\"}} {{/block}}\r\n    <link href=\"{{ head.favicon }}\" rel=\"shortcut icon\">\r\n    <meta name=\"viewport\" content=\"width=device-width, initial-scale=1, maximum-scale=1\">\r\n    <meta name=\"google-site-verification\" content=\"5W3ZVSgehqBIos1IzDGx5IE5aTZVYL1EyjzIH-U4tV8\" />\r\n    <meta name=\"google-site-verification\" content=\"3YK7IAwT6eneAy-wBN9O00R64kzSWzplWl4gKw9k7lQ\" />\r\n    <script src=\"{{cdn '/assets/js/modernizr.js'}}\"></script>\r\n\r\n    {{{stylesheet '/assets/css/theme.css'}}}\r\n    {{ getFontsCollection }}\r\n\r\n    {{{head.scripts}}} \r\n    \r\n    {{{head.rsslinks}}}\r\n\r\n    {{inject 'themeImageSizes' theme_settings._images}}\r\n    {{> components/global-injects}}\r\n    {{{snippet 'html_head'}}}\r\n\r\n    {{> core/structured-data/website}}\r\n    \r\n  </head>\r\n\r\n  <body class=\"{{page_type}} {{> components/common/body-classes}}\" itemscope itemtype=\"http://schema.org/WebPage\">\r\n\r\n<!-- Google Tag Manager (noscript) -->\r\n<noscript><iframe src=\"https://www.googletagmanager.com/ns.html?id=GTM-59XKGGZ\"\r\nheight=\"0\" width=\"0\" style=\"display:none;visibility:hidden\"></iframe></noscript>\r\n<!-- End Google Tag Manager (noscript) -->\r\n\r\n    {{#if page_type '===' 'product'}}\r\n      {{> components/common/facebook-like}}\r\n    {{else if page_type '===' 'blog_post'}}\r\n      {{> components/common/facebook-like}}\r\n    {{/if}}\r\n\r\n    <div class=\"icons-svg-sprite\">{{> components/common/icons/icon-defs}}</div>\r\n    <div class=\"site-wrapper\">\r\n      {{{snippet 'header'}}}\r\n      {{> components/header/header}}\r\n\r\n      {{> components/common/banner-top}}\r\n\r\n      <main class=\"main-content\">\r\n        {{#block \"page\"}}{{/block}}\r\n      </main>\r\n\r\n      {{> components/footer/footer }}\r\n\r\n      {{> components/header/navigation-mobile}}\r\n    </div> <!-- /site-wrapper -->\r\n\r\n    {{> core/structured-data/breadcrumbs}}\r\n\r\n    <script>\r\n      function startupApp(stencilBootstrap) {\r\n        stencilBootstrap(\"{{template_file}}\", {{jsContext}}).load();\r\n      }\r\n    </script>\r\n\r\n    {{#if in_production}}\r\n      <script src=\"{{cdn '/assets/js/bundle.js'}}\"></script>\r\n      <script>\r\n          startupApp(stencilBootstrap);\r\n      </script>\r\n    {{else}}\r\n      <script src=\"{{cdn '/assets/jspm_packages/system.js'}}\"></script>\r\n      <script src=\"{{cdn '/assets/config.js'}}\"></script>\r\n      <script src=\"{{cdn '/assets/js/dependency-bundle.js'}}\"></script>\r\n      <script>\r\n          System.import(\"js/app\").then(function(){ startupApp(stencilBootstrap)});\r\n      </script>\r\n    {{/if}}\r\n    {{{footer.scripts}}}\r\n    {{{snippet 'footer'}}}\r\n  </body>\r\n</html>\r\n","pages/brand":"---\nbrand:\n  products:\n    limit: {{theme_settings.product-count}}\n---\n\n{{#partial \"page\"}}\n\n  <section class=\"product-listing\">\n    <div class=\"container\">\n      <header class=\"listing-header page-header\">\n        <h1 class=\"section-title\">{{brand.name}}</h1>\n      </header>\n\n      {{{snippet 'brand'}}}\n\n      {{#unless theme_settings.collections-sidebar-hidden}}\n        <aside class=\"listing-sidebar\" data-brand-sidebar>\n          {{> components/brand/sidebar}}\n        </aside>\n      {{/unless}}\n\n      {{> components/products/sort}}\n      {{> components/products/listing-utils}}\n\n      <div class=\"product-listing-grid grid\" data-brand data-product-compare>{{> components/brand/product-listing show_compare=brand.show_compare}}</div>\n    </div>\n  </section>\n\n{{/partial}}\n\n{{> layout/base}}\n","svg/amex":"<svg xmlns=\"http://www.w3.org/2000/svg\" width=\"70\" height=\"32\" viewBox=\"0 0 70 32\"><path d=\"M69.102 17.22l.4 9.093c-.69.313-3.286 1.688-4.26 1.688h-4.79v-.655c-.545.438-1.548.656-2.466.656H42.933v-2.465c0-.344-.057-.344-.345-.344h-.257V28h-4.96v-2.923c-.832.402-1.75.402-2.58.402h-.545V28h-6.05l-1.434-1.656-1.576 1.656h-9.72v-10.78h9.892l1.405 1.662 1.55-1.663h6.65c.776 0 2.038.116 2.582.66v-.66h5.936c.602 0 1.75.116 2.523.66v-.66h8.947v.66c.516-.43 1.433-.66 2.265-.66H62.2v.66c.546-.37 1.32-.66 2.323-.66H69.1zm-34.197 6.65c1.577 0 3.183-.43 3.183-2.58 0-2.093-1.635-2.523-3.07-2.523h-5.877l-2.38 2.523-2.235-2.523h-7.427v7.67h7.312l2.35-2.51 2.267 2.51h3.556V23.87h2.322zM46 23.557c-.17-.23-.486-.516-.945-.66.516-.172 1.318-.832 1.318-2.036 0-.89-.315-1.377-.917-1.72-.602-.316-1.32-.373-2.266-.373h-4.215v7.67h1.864V23.64h1.977c.66 0 1.032.06 1.32.345.315.373.315 1.032.315 1.548v.903h1.836V24.96c0-.69-.058-1.033-.288-1.406zm7.57-3.183v-1.605h-6.135v7.67h6.136v-1.563h-4.33v-1.55h4.245V21.78H49.24v-1.405h4.33zm4.675 6.065c1.864 0 2.926-.76 2.926-2.393 0-.774-.23-1.262-.544-1.664-.46-.37-1.12-.6-2.15-.6H57.47c-.257 0-.486-.058-.716-.116-.2-.086-.373-.258-.373-.545 0-.26.06-.43.288-.603.143-.115.373-.115.717-.115h3.383v-1.634h-3.67c-1.98 0-2.64 1.204-2.64 2.294 0 2.438 2.152 2.322 3.843 2.38.345 0 .545.058.66.173.116.086.23.315.23.544 0 .2-.114.372-.23.487-.172.115-.372.172-.716.172H54.69v1.62h3.554zm7.197 0c1.864 0 2.924-.76 2.924-2.393 0-.774-.23-1.262-.544-1.664-.46-.37-1.12-.6-2.15-.6h-1.004c-.258 0-.488-.058-.718-.116-.2-.086-.373-.258-.373-.545 0-.26.115-.43.287-.603.144-.115.373-.115.717-.115h3.384v-1.634h-3.67c-1.922 0-2.64 1.204-2.64 2.294 0 2.438 2.152 2.322 3.843 2.38.344 0 .544.058.66.174.115.086.23.315.23.544 0 .2-.115.373-.23.488s-.373.172-.717.172h-3.556v1.62h3.556zm-21.476-5.92c.23.115.373.344.373.66 0 .343-.144.6-.374.773-.287.116-.545.116-.89.116l-2.236.058v-1.75h2.237c.344 0 .66 0 .89.144zM36.108 8.646c-.287.172-.544.172-.918.172h-2.265V7.126h2.265c.316 0 .688 0 .918.114.23.144.344.374.344.718 0 .315-.114.602-.344.69zm14.68-1.807l1.263 3.038H49.53zM30.776 25.79l-2.838-3.183 2.838-3.012v6.193zm4.244-5.42c.66 0 1.09.26 1.09.92s-.43 1.03-1.09 1.03H32.58v-1.95h2.437zM5.772 9.88l1.29-3.04 1.263 3.04H5.774zm13.132 10.494h4.616l2.037 2.237-2.093 2.264h-4.56v-1.55h4.072v-1.547h-4.07v-1.405zm.172-6.996l-.545 1.377h-3.24l-.546-1.32v1.32H8.524l-.66-1.75H6.287l-.717 1.75H-.002l2.39-5.65L4.623 4h4.79l.658 1.262V4h5.59l1.263 2.724L18.158 4h17.835c.832 0 1.548.143 2.093.602V4h4.903v.602C43.79 4.142 44.852 4 46.056 4h7.082l.66 1.262V4h5.217l.775 1.262V4h5.103v10.753h-5.16l-1.004-1.635v1.635H52.31l-.717-1.75h-1.576l-.717 1.75h-3.355c-1.318 0-2.294-.316-2.954-.66v.66h-7.97v-2.466c0-.344-.058-.402-.287-.402h-.257v2.867H19.075v-1.377zM43.363 6.41c-.832.83-.975 1.863-1.004 3.01 0 1.377.343 2.266.946 2.925.66.66 1.806.86 2.695.86h2.152l.716-1.692h3.843l.718 1.692h3.727V7.442l3.47 5.763h2.638V5.52H61.37v5.334L58.13 5.52h-2.838v7.255L52.196 5.52h-2.724l-2.638 6.05h-.832c-.487 0-1.003-.114-1.262-.372-.344-.402-.488-1.004-.488-1.836 0-.803.144-1.405.488-1.748.373-.316.774-.43 1.434-.43h1.75V5.52h-1.75c-1.262 0-2.265.286-2.81.89zm-3.784-.89v7.684h1.862V5.52H39.58zm-8.46 0v7.685h1.806v-2.78h1.98c.66 0 1.09.056 1.375.314.317.4.26 1.06.26 1.49v.975h1.89v-1.52c0-.66-.056-1.003-.343-1.376-.172-.23-.487-.49-.89-.66.517-.23 1.32-.832 1.32-2.036 0-.89-.373-1.377-.976-1.75-.6-.344-1.26-.344-2.207-.344h-4.215zm-7.484 0v7.686H29.8V11.63h-4.3v-1.55h4.244V8.503H25.5V7.126h4.3V5.52h-6.164zm-7.512 7.685H17.7l2.696-6.02v6.02h1.864V5.52h-3.01l-2.266 5.22-2.41-5.22h-2.952v7.255L8.468 5.52H5.744l-3.297 7.685h1.978l.688-1.692h3.87l.69 1.692h3.755v-6.02z\"/></svg>\n","svg/apple":"<svg xmlns=\"http://www.w3.org/2000/svg\" width=\"68\" height=\"32\" viewBox=\"0 0 68 32\">\n<title>Apple Pay</title>\n  <path d=\"M17.946 13.146c.032 3.738 3.392 4.992 3.424 5.005-.032.084-.544 1.774-1.773 3.52-1.062 1.505-2.176 3.01-3.904 3.035-1.715.032-2.266-.98-4.224-.98-1.953 0-2.56.948-4.18 1.012-1.683.064-2.963-1.632-4.032-3.136-2.19-3.065-3.866-8.67-1.613-12.447C2.765 7.278 4.762 6.08 6.93 6.055c1.646-.032 3.2 1.075 4.212 1.075 1.024 0 2.906-1.33 4.896-1.133.832.032 3.168.32 4.672 2.45-.128.065-2.79 1.582-2.752 4.71zM14.72 3.95c.896-1.044 1.504-2.497 1.344-3.95-1.293.05-2.848.832-3.776 1.875-.82.928-1.536 2.406-1.344 3.827 1.427.115 2.893-.704 3.776-1.747zM27.635 2.163c.666-.115 1.395-.21 2.19-.3.8-.084 1.676-.13 2.623-.13 1.376 0 2.56.16 3.546.48.992.32 1.805.788 2.445 1.39.543.53.972 1.165 1.28 1.9.306.73.46 1.575.46 2.53 0 1.15-.21 2.175-.64 3.04-.416.87-.992 1.6-1.728 2.188-.717.59-1.587 1.025-2.586 1.32-1.005.287-2.1.428-3.283.428-1.062 0-1.965-.077-2.688-.23v9.6h-1.613l-.006-22.214zm1.6 11.213c.397.11.832.192 1.306.23.48.045.993.064 1.537.064 2.048 0 3.648-.46 4.768-1.395 1.126-.934 1.69-2.304 1.69-4.11 0-.863-.14-1.625-.435-2.265s-.717-1.178-1.26-1.587c-.55-.41-1.198-.723-1.953-.934-.75-.212-1.58-.32-2.496-.32-.722 0-1.343.03-1.874.082-.525.064-.947.128-1.267.192l-.014 10.042zm23.72 7.206c0 .64.012 1.293.03 1.94.02.64.084 1.26.193 1.855H51.68l-.237-2.266h-.077c-.205.32-.467.628-.787.935-.32.32-.686.595-1.108.85s-.896.468-1.434.622c-.538.154-1.126.23-1.76.23-.8 0-1.504-.128-2.112-.384-.595-.256-1.088-.59-1.472-.998-.397-.41-.685-.883-.877-1.42-.192-.532-.294-1.07-.294-1.6 0-1.895.82-3.348 2.445-4.372 1.632-1.024 4.083-1.517 7.36-1.472v-.42c0-.43-.032-.91-.115-1.46-.077-.544-.256-1.062-.53-1.55-.257-.485-.673-.895-1.217-1.234-.55-.333-1.293-.5-2.227-.5-.705 0-1.41.097-2.1.308-.704.21-1.33.512-1.9.896l-.513-1.178c.73-.486 1.485-.832 2.26-1.05.767-.21 1.58-.32 2.43-.32 1.134 0 2.062.192 2.78.576.716.37 1.28.858 1.69 1.46s.69 1.28.83 2.02c.155.743.23 1.486.23 2.222l.007 6.31zm-1.6-4.768c-.878-.02-1.78.013-2.727.102-.94.09-1.818.288-2.61.59-.8.293-1.46.735-1.985 1.317-.525.576-.787 1.344-.787 2.304 0 1.133.333 1.965.992 2.496.66.538 1.408.806 2.22.806.654 0 1.25-.09 1.774-.27s.98-.416 1.363-.717c.384-.3.717-.64.98-1.024.255-.372.46-.77.594-1.166.114-.448.172-.768.172-.96l.013-3.482zm4.74-7.443l4.16 10.414c.238.576.45 1.17.654 1.792.204.602.383 1.165.55 1.677h.063l.557-1.645c.192-.62.43-1.248.678-1.894l3.89-10.342h1.71l-4.736 11.744c-.486 1.248-.934 2.38-1.357 3.392s-.845 1.92-1.28 2.733c-.435.814-.87 1.537-1.312 2.158-.448.62-.94 1.165-1.49 1.632-.64.557-1.217.96-1.76 1.216-.532.256-.897.422-1.076.486l-.544-1.3c.41-.178.864-.41 1.363-.703.512-.29.992-.667 1.472-1.134.41-.397.858-.928 1.344-1.587.493-.654.934-1.447 1.318-2.388.147-.352.21-.59.21-.704 0-.147-.063-.384-.204-.704L54.4 8.372h1.695z\"/>\n</svg>\n","svg/discover":"<svg xmlns=\"http://www.w3.org/2000/svg\" width=\"95\" height=\"32\" viewBox=\"0 0 95 32\" ><path d=\"M50.43 8.06c4.547 0 8.093 3.49 8.093 7.935 0 4.47-3.57 7.96-8.093 7.96-4.638 0-8.115-3.443-8.115-8.05 0-4.334 3.635-7.845 8.115-7.845zm-46.068.285c4.81 0 8.168 3.133 8.168 7.64 0 2.247-1.028 4.422-2.76 5.864-1.462 1.213-3.127 1.76-5.43 1.76H0V8.345h4.363zm3.47 11.465c1.027-.912 1.64-2.38 1.64-3.847 0-1.464-.613-2.882-1.64-3.798-.984-.892-2.146-1.235-4.065-1.235H2.97v10.096h.797c1.92 0 3.127-.367 4.065-1.216zm6.068 3.8V8.347h2.965V23.61H13.9zm10.223-9.41c3.378 1.24 4.38 2.34 4.38 4.765 0 2.952-2.167 5.015-5.248 5.015-2.26 0-3.904-.896-5.27-2.907l1.913-1.856c.685 1.328 1.825 2.036 3.24 2.036 1.325 0 2.308-.915 2.308-2.152 0-.64-.298-1.188-.89-1.577-.298-.187-.89-.46-2.055-.87-2.783-1.01-3.74-2.085-3.74-4.192 0-2.492 2.054-4.37 4.744-4.37 1.667 0 3.196.57 4.473 1.696l-1.55 2.033c-.777-.868-1.507-1.234-2.397-1.234-1.28 0-2.213.732-2.213 1.694 0 .82.525 1.258 2.307 1.92zm5.315 1.786c0-4.436 3.605-7.985 8.1-7.985 1.28 0 2.353.274 3.654.936v3.504c-1.233-1.213-2.308-1.717-3.72-1.717-2.787 0-4.976 2.313-4.976 5.24 0 3.093 2.123 5.268 5.112 5.268 1.347 0 2.397-.48 3.585-1.67v3.504c-1.347.638-2.443.892-3.72.892-4.52 0-8.034-3.478-8.034-7.97zm35.8 2.615l4.11-10.253h3.217l-6.573 15.655h-1.596l-6.46-15.655h3.24zm8.676 5.012V8.347h8.418v2.585H76.88v3.388h5.243v2.585H76.88v4.123h5.452v2.584h-8.418zm20.167-10.76c0 2.336-1.23 3.87-3.468 4.33l4.794 6.43h-3.65l-4.106-6.136h-.388v6.135h-2.97V8.347h4.405c3.425 0 5.384 1.645 5.384 4.506zm-5.955 2.52c1.9 0 2.903-.827 2.903-2.36 0-1.485-1.004-2.265-2.856-2.265h-.91v4.626h.862z\"/></svg>\n","svg/giftcard":"<svg class=\"giftcard-image\" version=\"1.1\" id=\"Layer_1\" xmlns=\"http://www.w3.org/2000/svg\" xmlns:xlink=\"http://www.w3.org/1999/xlink\" x=\"0px\" y=\"0px\"\n   viewBox=\"0 0 100 81.9\" style=\"enable-background:new 0 0 100 81.9;\" xml:space=\"preserve\">\n  <path style=\"fill:currentColor\" d=\"M77.4,0.3L5.8,21.1c-4.3,1.2-6.7,5.7-5.5,10l12.3,42.3c1.2,4.3,5.7,6.7,10,5.5l71.6-20.8\n    c4.3-1.2,6.7-5.7,5.5-10L87.4,5.8C86.2,1.5,81.7-0.9,77.4,0.3z M84.1,6.8l2.6,8.8L48.1,26.8c-0.7-2.2-1.8-5.4-3.2-7.6\n    c0,0-7.6,1.7-11,5.6l-2.2-7.6L78.4,3.6C80.8,2.9,83.4,4.3,84.1,6.8z M6.8,24.5l17.4-5.1l2.4,8.1c-5.1-0.3-11.4,3.9-11.4,3.9\n    c0.4,1.5,1,3,1.6,4.5L6.2,39l-2.6-8.8C2.9,27.7,4.3,25.2,6.8,24.5z M15.9,72.5l-7.6-26l17.1-5c-0.8,2.5-2,5.5-3.6,9.1l5.2,9.4\n    c0,0,2.5-7.1,4.7-14.7l7.3,25.3l-17.4,5.1C19.2,76.3,16.6,74.9,15.9,72.5z M93.3,54.8L46.5,68.4l-8.3-28.5C45.9,46,55,52.5,55,52.5\n    L53,42c-3.4-2.3-6.2-4.3-8.4-6l44.3-12.9l7.6,26C97.1,51.5,95.7,54.1,93.3,54.8z\"/>\n  <ellipse style=\"fill:currentColor\" cx=\"53.6\" cy=\"79.3\" rx=\"41.3\" ry=\"2.6\"/>\n</svg>\n","svg/mastercard":"<svg xmlns=\"http://www.w3.org/2000/svg\" width=\"54\" height=\"32\" viewBox=\"0 0 54 32\" ><path d=\"M48.366 15.193c.6 0 .9.437.9 1.282 0 1.28-.546 2.21-1.337 2.21-.6 0-.9-.437-.9-1.31 0-1.282.572-2.183 1.336-2.183zm-10.09 3.082c0-.655.49-1.01 1.472-1.01.11 0 .19.028.382.028-.027.982-.545 1.636-1.227 1.636-.382 0-.628-.246-.628-.656zm-11.998-2.427v.327h-1.91c.165-.763.546-1.173 1.092-1.173.518 0 .818.3.818.845zM38.06.002c8.838 0 16.003 7.165 16.003 16.002s-7.165 16-16.003 16c-3.834 0-7.324-1.345-10.08-3.595 2.102-2.032 3.707-4.568 4.568-7.44h-1.33c-.833 2.552-2.297 4.806-4.2 6.626-1.89-1.816-3.34-4.078-4.17-6.62h-1.33c.857 2.856 2.434 5.4 4.52 7.432-2.75 2.22-6.223 3.594-10.036 3.594C7.165 32.002 0 24.84 0 16.002s7.164-16 16.002-16c3.814 0 7.287 1.377 10.036 3.603-2.087 2.023-3.664 4.568-4.52 7.424h1.33c.83-2.543 2.28-4.805 4.17-6.608 1.904 1.808 3.368 4.06 4.2 6.614h1.33c-.86-2.872-2.466-5.413-4.568-7.443C30.737 1.343 34.226 0 38.06 0zM7.217 20.212h1.69l1.337-8.043H7.572l-1.637 4.99-.082-4.99H3.4l-1.337 8.043h1.582l1.037-6.135.136 6.135H5.99l2.21-6.19zm7.253-.735l.054-.408.382-2.32c.11-.735.136-.98.136-1.308 0-1.254-.79-1.91-2.263-1.91-.628 0-1.2.083-2.046.328l-.246 1.473.163-.028.247-.08c.382-.11.928-.165 1.418-.165.79 0 1.09.164 1.09.6 0 .11 0 .19-.054.41-.272-.028-.517-.055-.708-.055-1.91 0-3 .927-3 2.536 0 1.065.628 1.774 1.555 1.774.79 0 1.364-.246 1.8-.79l-.027.68h1.418l.027-.163.027-.245zm3.518-3.163c-.736-.327-.82-.41-.82-.71 0-.354.3-.518.846-.518.328 0 .79.028 1.227.082l.247-1.5c-.436-.082-1.118-.137-1.5-.137-1.91 0-2.59 1.01-2.563 2.21 0 .817.382 1.39 1.282 1.827.71.327.818.436.818.71 0 .408-.3.6-.982.6-.518 0-.982-.083-1.527-.246l-.246 1.5.08.028.3.054c.11.027.247.055.465.055.382.054.71.054.928.054 1.8 0 2.645-.68 2.645-2.18 0-.9-.354-1.418-1.2-1.828zm3.762 2.427c-.41 0-.573-.135-.573-.463 0-.082 0-.164.027-.273l.463-2.726h.873l.218-1.61h-.873l.19-.98h-1.69l-.737 4.47-.082.52-.11.653c-.026.192-.054.41-.054.574 0 .954.49 1.445 1.364 1.445.382 0 .764-.056 1.227-.22l.218-1.444c-.108.054-.272.054-.463.054zm3.982.11c-.982 0-1.5-.38-1.5-1.144 0-.055 0-.11.027-.19h3.38c.164-.683.22-1.146.22-1.637 0-1.447-.9-2.374-2.32-2.374-1.717 0-2.972 1.663-2.972 3.9 0 1.935.982 2.944 2.89 2.944.628 0 1.173-.082 1.773-.273l.274-1.636c-.6.3-1.145.41-1.773.41zm5.426-3.326h.11c.163-.79.38-1.363.654-1.88l-.055-.028h-.164c-.573 0-.9.273-1.418 1.064l.164-1.01h-1.555l-1.064 6.545h1.72c.626-4.008.79-4.69 1.608-4.69zm4.964 4.61l.3-1.828c-.545.273-1.036.41-1.445.41-1.01 0-1.61-.738-1.61-1.964 0-1.773.9-3.027 2.183-3.027.49 0 .928.136 1.528.436l.3-1.744c-.163-.054-.218-.082-.436-.163l-.682-.164c-.218-.055-.49-.083-.79-.083-2.264 0-3.846 2.018-3.846 4.88 0 2.155 1.146 3.49 3 3.49.463 0 .872-.08 1.5-.245zm5.4-1.065l.354-2.32c.136-.735.136-.98.136-1.308 0-1.254-.763-1.91-2.236-1.91-.627 0-1.2.083-2.045.328l-.245 1.473.164-.028.217-.08c.382-.11.955-.165 1.446-.165.79 0 1.09.164 1.09.6 0 .11-.026.19-.08.41-.247-.028-.492-.055-.683-.055-1.91 0-3 .927-3 2.536 0 1.065.627 1.774 1.555 1.774.79 0 1.363-.246 1.8-.79l-.028.68h1.418v-.163l.027-.245.054-.327zm2.126 1.144c.627-4.008.79-4.69 1.608-4.69h.11c.163-.79.38-1.363.654-1.88l-.055-.028H45.8c-.57 0-.9.273-1.417 1.064l.164-1.01h-1.554l-1.037 6.545h1.69zm5.18 0h1.61l1.308-8.044h-1.69l-.383 2.29c-.464-.6-.955-.9-1.637-.9-1.5 0-2.782 1.855-2.782 4.036 0 1.636.818 2.7 2.073 2.7.627 0 1.118-.218 1.582-.71zM11.307 18.28c0-.656.492-1.01 1.447-1.01.136 0 .218.027.382.027-.027.982-.518 1.636-1.228 1.636-.382 0-.6-.245-.6-.655z\"/></svg>\n","svg/paypal":"<svg xmlns=\"http://www.w3.org/2000/svg\" width=\"57\" height=\"32\" viewBox=\"0 0 57 32\" ><path d=\"M47.11 10.477c2.21-.037 4.633.618 4.072 3.276l-1.37 6.263h-3.158l.21-.947c-1.72 1.71-6.037 1.82-5.334-2.112.49-2.294 2.878-3.023 6.423-3.023.246-1.02-.457-1.274-1.65-1.238s-2.633.437-3.09.655l.282-2.293c.913-.183 2.106-.584 3.615-.584zm.21 6.408c.07-.29.106-.547.176-.838h-.773c-.596 0-1.58.146-1.93.765-.457.728.176 1.348.877 1.31.807-.036 1.474-.4 1.65-1.237zM53.883 8h3.242L54.48 20.016h-3.21zm-14.74.037c1.688 0 3.728 1.274 3.13 4.077-.528 2.476-2.498 3.933-4.89 3.933h-2.428l-.88 3.97h-3.41l2.602-11.98h5.874zm-.106 4.077c.21-.91-.317-1.638-1.197-1.638h-1.69l-.703 3.277h1.583c.88 0 1.795-.728 2.006-1.638zm-22.69-1.638c2.183-.037 4.61.618 4.055 3.276l-1.352 6.262h-3.155l.208-.947c-1.664 1.712-5.93 1.82-5.235-2.11.486-2.295 2.844-3.024 6.345-3.024.208-1.02-.485-1.274-1.664-1.238s-2.602.437-3.018.655l.277-2.293c.866-.182 2.045-.583 3.536-.583zm.242 6.41c.034-.292.103-.548.172-.84h-.797c-.555 0-1.525.147-1.872.766-.45.728.138 1.348.832 1.31.797-.036 1.49-.4 1.664-1.237zm11.938-6.238h3.255l-7.496 13.35H20.76l2.305-3.924-1.29-9.426h3.157l.508 5.58zM8.498 8.036c1.73 0 3.74 1.274 3.14 4.077-.53 2.476-2.504 3.933-4.867 3.933H4.304l-.847 3.97H0l2.61-11.98H8.5zm-.105 4.078c.247-.91-.317-1.638-1.164-1.638H5.535l-.74 3.277h1.622c.882 0 1.763-.728 1.975-1.638z\"/></svg>\n","svg/social/facebook":"<svg width=\"8\" height=\"16\" viewBox=\"0 0 8 16\" xmlns=\"http://www.w3.org/2000/svg\"><title>facebook</title><path d=\"M0 5.292h1.655V3.684c0-.71.018-1.803.532-2.48C2.73.487 3.474 0 4.755 0 6.842 0 7.72.297 7.72.297l-.412 2.45s-.69-.198-1.333-.198c-.644 0-1.22.23-1.22.872v1.87h2.638L7.21 7.685H4.754V16h-3.1V7.685H0V5.292\"/></svg>\n","svg/social/googleplus":"<svg width=\"21\" height=\"14\" viewBox=\"0 0 21 14\" xmlns=\"http://www.w3.org/2000/svg\"><title>google</title><path d=\"M6.668 5.523v2.79h3.595c-.573 1.804-1.46 2.79-3.595 2.79-2.188 0-3.907-1.86-3.907-4.158 0-2.297 1.72-4.156 3.908-4.156 1.146 0 1.928.437 2.605 1.038.573-.6.52-.656 1.875-2.023C9.95.655 8.388 0 6.668 0 2.968 0 0 3.117 0 7s2.97 7 6.668 7c5.522 0 6.877-5.03 6.408-8.422H6.668v-.055zm11.93.22V3.28h-1.615v2.462h-2.397v1.696h2.397v2.515h1.615V7.438h2.344V5.742h-2.344z\"/></svg>\n","svg/social/instagram":"<svg width=\"16\" height=\"16\" viewBox=\"0 0 16 16\" xmlns=\"http://www.w3.org/2000/svg\"><title>instagram</title><path d=\"M14.44 12.908c0 .846-.686 1.533-1.532 1.533H3.092c-.846 0-1.533-.686-1.533-1.532v-6.55h2.387c-.206.507-.32 1.062-.32 1.642 0 2.412 1.96 4.375 4.373 4.375 2.412 0 4.374-1.963 4.374-4.375 0-.58-.116-1.135-.32-1.643h2.387v6.55zm-8.723-6.55C6.23 5.647 7.06 5.182 8 5.182s1.77.465 2.283 1.174c.334.463.534 1.03.534 1.643 0 1.552-1.265 2.816-2.817 2.816-1.552 0-2.816-1.264-2.816-2.816 0-.613.2-1.18.533-1.643zm8.078-4.514h.354v2.71l-2.705.01-.01-2.713 2.36-.006zM12.908 0H3.092C1.388 0 0 1.387 0 3.092v9.816C0 14.613 1.388 16 3.092 16h9.816C14.612 16 16 14.613 16 12.908V3.092C16 1.387 14.612 0 12.908 0z\"/></svg>\n","svg/social/linkedin":"<svg width=\"18\" height=\"16\" viewBox=\"0 0 18 16\" xmlns=\"http://www.w3.org/2000/svg\"><title>linkedin</title><path d=\"M17.425 16h-3.85v-5.625c0-1.472-.603-2.477-1.928-2.477-1.013 0-1.577.678-1.84 1.332-.098.235-.082.56-.082.888V16H5.91s.05-9.964 0-10.87h3.815v1.707c.225-.746 1.444-1.81 3.39-1.81 2.414 0 4.31 1.563 4.31 4.93V16zM2.05 3.77h-.023C.797 3.77 0 2.94 0 1.888 0 .813.82 0 2.075 0c1.253 0 2.023.81 2.048 1.884 0 1.053-.795 1.887-2.072 1.887zM.44 5.13h3.396V16H.44V5.13z\"/></svg>\n","svg/social/pinterest":"<svg width=\"16\" height=\"16\" viewBox=\"0 0 16 16\" xmlns=\"http://www.w3.org/2000/svg\"><title>pinterest</title><path d=\"M8 0C3.583 0 0 3.582 0 8c0 3.275 1.97 6.09 4.79 7.327-.023-.558-.004-1.23.138-1.837l1.03-4.36S5.7 8.62 5.7 7.866c0-1.185.688-2.07 1.543-2.07.727 0 1.08.546 1.08 1.2 0 .732-.468 1.826-.707 2.84-.2.85.425 1.54 1.262 1.54 1.516 0 2.536-1.946 2.536-4.253 0-1.753-1.18-3.065-3.328-3.065-2.426 0-3.938 1.81-3.938 3.83 0 .698.205 1.19.527 1.57.148.175.168.244.114.446l-.16.64c-.055.204-.22.277-.4.202-1.12-.457-1.64-1.68-1.64-3.057 0-2.272 1.916-4.998 5.717-4.998 3.055 0 5.065 2.212 5.065 4.583 0 3.14-1.744 5.483-4.317 5.483-.863 0-1.675-.466-1.954-.996 0 0-.464 1.843-.562 2.198-.17.617-.5 1.234-.805 1.714.72.212 1.48.328 2.267.328 4.418 0 8-3.582 8-8s-3.582-8-8-8\"/></svg>\n","svg/social/rss":"<svg width=\"16\" height=\"16\" viewBox=\"0 0 32 32\" xmlns=\"http://www.w3.org/2000/svg\"><title>RSS</title><path d=\"M-.465 2.01S28.7.574 31 31.32h-5.89S26.26 8.907-.466 6.895V2.01zm0 10.203s17.098-.577 20.402 19.107h-5.89S13.33 19.684-.465 17.094v-4.88zm3.2 12.817c2.063 0 3.737 1.67 3.737 3.737 0 2.06-1.674 3.735-3.736 3.735C.672 32.502-1 30.83-1 28.767c0-2.065 1.672-3.737 3.736-3.737z\"/></svg>\n","svg/social/stumbleupon":"<svg width=\"16\" height=\"16\" viewBox=\"0 0 32 32\" xmlns=\"http://www.w3.org/2000/svg\"><title>StumbleUpon</title><path d=\"M32 16c0 8.837-7.163 16-16 16S0 24.837 0 16 7.163 0 16 0s16 7.163 16 16zM15.997 9c-2.22 0-4.022 1.794-4.022 4.008v5.696c0 .524-.427.95-.953.95s-.952-.426-.952-.95v-2.532H7v2.637c0 2.213 1.8 4.007 4.022 4.007 2.222 0 4.022-1.794 4.022-4.008v-5.802c0-.524.427-.95.953-.95s.953.426.953.95v1.16l1.27.58 1.8-.58v-1.16c0-2.214-1.8-4.008-4.023-4.008zm.953 7.225v2.584c0 2.213 1.8 4.007 4.022 4.007 2.22 0 4.022-1.794 4.022-4.008v-2.532h-3.07v2.53c0 .526-.426.95-.952.95s-.953-.424-.953-.95v-2.583l-1.8.58-1.27-.58z\"/></svg>\n","svg/social/tumblr":"<svg width=\"16\" height=\"16\" viewBox=\"0 0 32 32\" xmlns=\"http://www.w3.org/2000/svg\"><title>Tumblr</title><path d=\"M23.853 25.56c-.595.283-1.733.53-2.583.552-2.56.07-3.058-1.8-3.08-3.155v-9.962h6.426V8.15h-6.402V0h-4.688c-.077 0-.212.067-.23.24C13.022 2.733 11.853 7.11 7 8.86v4.133h3.24v10.457c0 3.58 2.64 8.665 9.61 8.546 2.35-.04 4.963-1.026 5.542-1.874l-1.54-4.565\"/></svg>\n","svg/social/twitter":"<svg width=\"18\" height=\"14\" viewBox=\"0 0 18 14\" xmlns=\"http://www.w3.org/2000/svg\"><title>twitter</title><path d=\"M17.228 1.657c-.633.28-1.315.472-2.03.557.73-.437 1.29-1.13 1.554-1.955-.683.403-1.438.698-2.245.855C13.863.43 12.944 0 11.927 0c-1.95 0-3.533 1.583-3.533 3.534 0 .277.03.546.09.805C5.548 4.19 2.945 2.785 1.2.644.894 1.17.72 1.777.72 2.425c0 1.224.625 2.306 1.573 2.94-.578-.017-1.124-.178-1.6-.44v.043c0 1.713 1.217 3.142 2.835 3.465-.296.083-.61.125-.93.125-.23 0-.45-.02-.667-.063.45 1.404 1.756 2.426 3.303 2.453-1.21.95-2.734 1.514-4.39 1.514-.285 0-.567-.016-.843-.05C1.564 13.416 3.423 14 5.418 14c6.502 0 10.056-5.385 10.056-10.055 0-.154-.003-.308-.01-.458.692-.5 1.292-1.12 1.764-1.83\"/></svg>\n","svg/social/youtube":"<svg width=\"20\" height=\"14\" viewBox=\"0 0 20 14\" xmlns=\"http://www.w3.org/2000/svg\"><title>youtube</title><path d=\"M19.937 10.564V3.436S19.937 0 16.502 0H3.435S0 0 0 3.436v7.128S0 14 3.435 14h13.067s3.435 0 3.435-3.436M13.84 7.01L7.31 10.843V3.176L13.84 7.01\"/></svg>\n","svg/visa":"<svg xmlns=\"http://www.w3.org/2000/svg\" width=\"49\" height=\"32\" viewBox=\"0 0 49 32\" ><path d=\"M14.06 10.283h4.24l-6.303 15.472-4.236.003-3.258-12.33c2.318.953 4.38 3.023 5.22 5.276l.42 2.148zm3.356 15.488l2.503-15.5h4l-2.503 15.5h-4.002zm14.576-9.276c2.31 1.106 3.375 2.444 3.362 4.21C35.322 23.923 32.59 26 28.384 26c-1.796-.02-3.526-.394-4.46-.826l.56-3.47.516.247c1.316.58 2.167.815 3.77.815 1.15 0 2.384-.476 2.395-1.514.007-.678-.517-1.164-2.077-1.923-1.518-.74-3.53-1.983-3.505-4.21.024-3.013 2.81-5.117 6.765-5.117 1.55 0 2.795.34 3.586.65l-.542 3.36-.36-.177c-.74-.314-1.686-.617-2.994-.595-1.568 0-2.293.69-2.293 1.333-.01.73.848 1.205 2.246 1.924zm14.207-6.21l3.238 15.49h-3.714s-.368-1.78-.488-2.32c-.583 0-4.667-.01-5.125-.01-.155.42-.84 2.332-.84 2.332h-4.205L41.01 11.57c.418-1.01 1.137-1.284 2.096-1.284H46.2zm-4.937 9.99h3.322l-.927-4.474-.27-1.337c-.202.58-.554 1.52-.53 1.48 0 0-1.263 3.44-1.595 4.33zm-31.54-1.572C8.075 14.13 4.44 11.712 0 10.592l.053-.32h6.453c.87.033 1.573.325 1.815 1.307z\"/></svg>\n"}
