{"core/account/_private/layout":"{{!\n  A wrapper for all account pages.\n\n  @block account-heading\n         The page's title.\n\n  @block account-content\n         The content for the main part of the layout.\n\n  @param class string\n         A name for the current page, added as a class to the account wrapper.\n\n  @param nav string\n         If \"hidden\", no nav will be shown.\n\n  @param nav_page string\n         If matches a string in navigation.html, that link will be made active.\n\n  @param header string\n         If \"hidden\", no header will be shown.\n         If \"top\", header will be shown above the nav.\n         Otherwise, header will be shown above the content.\n}}\n<section class=\"account-wrapper account-page-{{class}}{{#if nav '===' 'hidden'}} account-nav-hidden{{/if}}\">\n  {{#if header '===' 'top'}}{{> core/account/_private/layout-heading}}{{/if}}\n\n  {{#if nav '!==' 'hidden'}}\n    {{> core/account/_private/navigation nav_page=nav_page}}\n  {{/if}}\n\n  <div class=\"account-body\">\n    {{#unless header}}{{> core/account/_private/layout-heading}}{{/unless}}\n\n    <div class=\"account-content\">\n      {{#block 'account-content'}}{{/block}}\n    </div>\n  </div>\n</section>\n","core/account/_private/layout-heading":"<div class=\"account-header\">\n  <h1 class=\"account-heading\">{{#block 'account-heading'}}{{/block}}</h1>\n\n  <div class=\"account-toolbar\">{{#block 'account-toolbar'}}{{/block}}</div>\n</div>\n","core/account/_private/navigation":"<nav class=\"account-nav\">\n  <ul class=\"account-nav-list\">\n    <li class=\"account-nav-item{{#if nav_page '===' 'orders'}} is-active{{/if}}\">\n      <a class=\"account-nav-link\" href=\"{{urls.account.orders.all}}\">{{lang 'core.account.menu.orders'}}</a>\n    </li>\n\n    {{#if settings.returns_enabled}}\n      <li class=\"account-nav-item{{#if nav_page '===' 'returns'}} is-active{{/if}}\">\n        <a class=\"account-nav-link\" href=\"{{urls.account.returns}}\">{{lang 'core.account.menu.returns'}}</a>\n      </li>\n    {{/if}}\n\n    <li class=\"account-nav-item{{#if nav_page '===' 'messages'}} is-active{{/if}}\">\n      <a class=\"account-nav-link\" href=\"{{urls.account.inbox}}\">{{lang 'core.account.menu.messages'}}\n        {{#if customer.num_new_messages}}\n          <span class=\"account-nav-badge\">{{customer.num_new_messages}}</span>\n        {{/if}}\n      </a>\n    </li>\n\n    <li class=\"account-nav-item{{#if nav_page '===' 'addresses'}} is-active{{/if}}\">\n      <a class=\"account-nav-link\" href=\"{{urls.account.addresses}}\">{{lang 'core.account.menu.addresses'}}</a>\n    </li>\n\n    {{#if settings.show_wishlist}}\n      <li class=\"account-nav-item{{#if nav_page '===' 'wishlists'}} is-active{{/if}}\">\n        <a class=\"account-nav-link\" href=\"{{urls.account.wishlists.all}}\">{{lang 'core.account.menu.wishlists'}}</a>\n      </li>\n    {{/if}}\n\n    <li class=\"account-nav-item{{#if nav_page '===' 'recent_items'}} is-active{{/if}}\">\n      <a class=\"account-nav-link\" href=\"{{urls.account.recent_items}}\">{{lang 'core.account.menu.recently_viewed'}}</a>\n    </li>\n\n    <li class=\"account-nav-item{{#if nav_page '===' 'settings'}} is-active{{/if}}\">\n      <a class=\"account-nav-link\" href=\"{{urls.account.details}}\">{{lang 'core.account.menu.settings'}}</a>\n    </li>\n  </ul>\n\n  {{#if customer.store_credit.value '>' 0}}\n    {{> core/alerts/alert-success (lang 'core.account.common.store_credit' store_credit=customer.store_credit.formatted)}}\n  {{/if}}\n</nav>\n","core/account/add-return":"{{#partial 'account-heading'}}\n  {{lang 'core.account.return.heading' id=forms.return.order_id}}\n{{/partial}}\n\n{{#partial 'account-content'}}\n  {{#if forms.return.order_products.length}}\n    <form action=\"{{urls.account.orders.save_new_return}}\" class=\"form\" method=\"post\" data-validated-form>\n      <input type=\"hidden\" name=\"order_id\" value=\"{{forms.return.order_id}}\">\n\n      <table class=\"table table-clean account-return-table account-table-tight\">\n        <tr>\n          <th>{{lang 'core.account.return.order_item'}}</th>\n          <th>{{lang 'core.account.return.item_price'}}</th>\n          <th>{{lang 'core.account.return.quantity'}}</th>\n        </tr>\n\n        {{#each forms.return.order_products}}\n          <tr>\n            <td>{{name}}</td>\n            <td>{{price.formatted}}</td>\n            <td>{{> core/forms/common/select select_type='range' from=0 to=quantity name=(concat 'return_qty[' (concat id ']'))}}</td>\n          </tr>\n        {{/each}}\n      </table>\n\n      <div class=\"account-return-fields\">\n        {{> core/forms/common/select name='return_reason' select_type='array' options=forms.return.reasons required=true display_name=(lang 'core.account.return.reason')}}\n        {{> core/forms/common/select name='return_action' select_type='array' options=forms.return.actions required=true display_name=(lang 'core.account.return.action')}}\n        {{> core/forms/common/multiline name='return_comments' required=true rows=8 label=(lang 'core.account.return.comments')}}\n      </div>\n\n      <div class=\"form-actions\">\n        <input class=\"button account-button-primary\" type=\"submit\" value=\"{{lang 'core.account.return.request_return'}}\">\n      </div>\n    </form>\n\n  {{else}}\n    <div class=\"account-empty\">{{lang 'core.account.return.empty'}}</li>\n\n  {{/if}}\n{{/partial}}\n\n{{> core/account/_private/layout nav_page='returns' class='add-return'}}\n","core/alerts/alert-success":"<div class=\"alert alert-success\">\n  {{#if dismissable}}<a class=\"alert-dismiss\">&times;</a>{{/if}}\n\n  <div class=\"alert-message\">\n    {{#if message}}\n      {{{message}}}\n    {{else}}\n      {{{this}}}\n    {{/if}}\n  </div>\n</div>\n","core/forms/common/multiline":"{{!\n  Textarea form component\n\n  @param validation_message string\n         Custom validation message\n}}\n<div class=\"form-field form-field-common form-field-multiline {{#if required}}form-required{{/if}}\" id=\"{{id}}\">\n  <label class=\"form-label\">\n    <span class=\"form-field-title\">\n      {{label}}\n      {{#if required}}<span class=\"required-text\">{{lang 'common.required'}}</span>{{/if}}\n    </span>\n    <span class=\"form-field-control\">\n      <textarea\n        class=\"form-input\"\n        id=\"textarea-{{id}}\"\n        name=\"{{name}}\"\n        placeholder=\"{{prefill}}\"\n        rows=\"{{rows}}\"\n        {{#if required}}\n          required\n          {{#if validation_message}}\n            data-vd-message-required=\"{{validation_message}}\"\n          {{/if}}\n        {{/if}}\n        aria-required=\"{{required}}\">{{value}}</textarea>\n    </span>\n  </label>\n</div>\n","core/forms/common/select":"{{!\n  @param display_name string (optional)\n         The label text.\n\n  @param required bool (optional)\n         If true, this field will be required. Defaults to false.\n\n  @param id string (optional)\n         A unique ID for this field.\n\n  @param name string\n         The form input name.\n\n  @param private_id string (optional)\n         Assigned to the data-field-type attribute. A unique ID provided by the\n         Bigcommerce platform. Used to target specific elements, for example\n         Country or State inputs.\n\n  @param select_type string (optional)\n         Controls how the select options are populated.\n\n         If `range`, options will be generated for numbers using the `from` and\n         `to` params.\n\n         If `array`, options will be generated using the `options` param, an\n         array of values.\n\n         Otherwise, options will be generated using the `options` param, an\n         array of objects with `value` and `label` properties. This is what\n         the Bigcommerce platform passes us.\n\n  @param from number\n         The starting point for the range. Only used if `select_type` is set to\n         `range`.\n\n  @param to number\n         The ending point for the range. Only used if `select_type` is set to\n         `range`.\n}}\n<div class=\"form-field form-field-common form-field-select {{#if required}} form-required{{/if}}\" id=\"{{id}}\">\n  <label class=\"form-label\">\n    <span class=\"form-field-title\">\n      {{#if display_name}}\n        {{display_name}}\n      {{else}}\n        {{label}}\n      {{/if}}\n      {{#if required}}<span class=\"required-text\">{{lang 'common.required'}}</span>{{/if}}\n    </span>\n    <span class=\"form-field-control\">\n      <span class=\"form-select-wrapper\">\n        <select\n          class=\"form-input form-select\"\n          id=\"select-{{id}}\"\n          name=\"{{name}}\"\n          {{#if required}}required{{/if}}\n          aria-required=\"{{required}}\"\n          {{#if private_id}}data-field-type=\"{{private_id}}\"{{/if}}>\n\n          {{#if select_type '===' 'range'}}\n            {{#for from to}}\n              <option value=\"{{$index}}\">{{$index}}</option>\n            {{/for}}\n\n          {{else}}\n            {{#if select_type '===' 'array'}}\n              {{#each options}}\n                <option value=\"{{this}}\">{{this}}</option>\n              {{/each}}\n\n            {{else}}\n              {{#each options}}\n                <option value=\"{{value}}\" {{#if selected}}selected{{/if}}>{{label}}</option>\n              {{/each}}\n\n            {{/if}}\n\n          {{/if}}\n        </select>\n      </span>\n    </span>\n  </label>\n</div>\n"}
