{"core/account/_private/layout":"{{!\n  A wrapper for all account pages.\n\n  @block account-heading\n         The page's title.\n\n  @block account-content\n         The content for the main part of the layout.\n\n  @param class string\n         A name for the current page, added as a class to the account wrapper.\n\n  @param nav string\n         If \"hidden\", no nav will be shown.\n\n  @param nav_page string\n         If matches a string in navigation.html, that link will be made active.\n\n  @param header string\n         If \"hidden\", no header will be shown.\n         If \"top\", header will be shown above the nav.\n         Otherwise, header will be shown above the content.\n}}\n<section class=\"account-wrapper account-page-{{class}}{{#if nav '===' 'hidden'}} account-nav-hidden{{/if}}\">\n  {{#if header '===' 'top'}}{{> core/account/_private/layout-heading}}{{/if}}\n\n  {{#if nav '!==' 'hidden'}}\n    {{> core/account/_private/navigation nav_page=nav_page}}\n  {{/if}}\n\n  <div class=\"account-body\">\n    {{#unless header}}{{> core/account/_private/layout-heading}}{{/unless}}\n\n    <div class=\"account-content\">\n      {{#block 'account-content'}}{{/block}}\n    </div>\n  </div>\n</section>\n","core/account/_private/layout-heading":"<div class=\"account-header\">\n  <h1 class=\"account-heading\">{{#block 'account-heading'}}{{/block}}</h1>\n\n  <div class=\"account-toolbar\">{{#block 'account-toolbar'}}{{/block}}</div>\n</div>\n","core/account/_private/navigation":"<nav class=\"account-nav\">\n  <ul class=\"account-nav-list\">\n    <li class=\"account-nav-item{{#if nav_page '===' 'orders'}} is-active{{/if}}\">\n      <a class=\"account-nav-link\" href=\"{{urls.account.orders.all}}\">{{lang 'core.account.menu.orders'}}</a>\n    </li>\n\n    {{#if settings.returns_enabled}}\n      <li class=\"account-nav-item{{#if nav_page '===' 'returns'}} is-active{{/if}}\">\n        <a class=\"account-nav-link\" href=\"{{urls.account.returns}}\">{{lang 'core.account.menu.returns'}}</a>\n      </li>\n    {{/if}}\n\n    <li class=\"account-nav-item{{#if nav_page '===' 'messages'}} is-active{{/if}}\">\n      <a class=\"account-nav-link\" href=\"{{urls.account.inbox}}\">{{lang 'core.account.menu.messages'}}\n        {{#if customer.num_new_messages}}\n          <span class=\"account-nav-badge\">{{customer.num_new_messages}}</span>\n        {{/if}}\n      </a>\n    </li>\n\n    <li class=\"account-nav-item{{#if nav_page '===' 'addresses'}} is-active{{/if}}\">\n      <a class=\"account-nav-link\" href=\"{{urls.account.addresses}}\">{{lang 'core.account.menu.addresses'}}</a>\n    </li>\n\n    {{#if settings.show_wishlist}}\n      <li class=\"account-nav-item{{#if nav_page '===' 'wishlists'}} is-active{{/if}}\">\n        <a class=\"account-nav-link\" href=\"{{urls.account.wishlists.all}}\">{{lang 'core.account.menu.wishlists'}}</a>\n      </li>\n    {{/if}}\n\n    <li class=\"account-nav-item{{#if nav_page '===' 'recent_items'}} is-active{{/if}}\">\n      <a class=\"account-nav-link\" href=\"{{urls.account.recent_items}}\">{{lang 'core.account.menu.recently_viewed'}}</a>\n    </li>\n\n    <li class=\"account-nav-item{{#if nav_page '===' 'settings'}} is-active{{/if}}\">\n      <a class=\"account-nav-link\" href=\"{{urls.account.details}}\">{{lang 'core.account.menu.settings'}}</a>\n    </li>\n  </ul>\n\n  {{#if customer.store_credit.value '>' 0}}\n    {{> core/alerts/alert-success (lang 'core.account.common.store_credit' store_credit=customer.store_credit.formatted)}}\n  {{/if}}\n</nav>\n","core/alerts/alert-error":"<div class=\"alert alert-error\">\n  {{#if dismissable}}<a class=\"alert-dismiss\">&times;</a>{{/if}}\n\n  <div class=\"alert-message\">\n    {{#if message}}\n      {{{message}}}\n    {{else}}\n      {{{this}}}\n    {{/if}}\n  </div>\n</div>\n","core/alerts/alert-success":"<div class=\"alert alert-success\">\n  {{#if dismissable}}<a class=\"alert-dismiss\">&times;</a>{{/if}}\n\n  <div class=\"alert-message\">\n    {{#if message}}\n      {{{message}}}\n    {{else}}\n      {{{this}}}\n    {{/if}}\n  </div>\n</div>\n","core/auth/login":"{{#partial 'account-content'}}\n  {{#if forms.login.error}}\n    {{> core/alerts/alert-error forms.login.error}}\n  {{/if}}\n\n  {{#if forms.login.success}}\n    {{> core/alerts/alert-success forms.login.success}}\n  {{/if}}\n\n  <div class=\"account-login-wrapper\">\n    <div class=\"account-login\">\n      <h2 class=\"account-sub-heading\">{{lang 'core.auth.login.login_form.heading'}}</h2>\n\n      <form class=\"account-login-form form\" action=\"{{urls.auth.check_login}}\" method=\"post\" data-validated-form>\n        {{> core/forms/common/email required=true label=(lang 'core.auth.login.login_form.email_address') id='login_email' name='login_email'}}\n        {{> core/forms/common/password required=true label=(lang 'core.auth.login.login_form.password') id='login_pass' name='login_pass'}}\n\n        <div class=\"form-actions\">\n          <input type=\"submit\" class=\"button account-button-primary account-login-button\" value=\"{{lang 'core.auth.login.login_form.submit'}}\">\n          <a class=\"account-forgot-password-link\" href=\"{{urls.auth.forgot_password}}\">{{lang 'core.auth.login.login_form.forgot_password'}}</a>\n        </div>\n      </form>\n    </div>\n\n    <div class=\"account-create\">\n      <h2 class=\"account-sub-heading\">{{lang 'core.auth.login.create_form.heading'}}</h2>\n      <p class=\"account-create-intro\">{{lang 'core.auth.login.create_form.intro'}}</p>\n      <ul class=\"account-create-facts\">\n        <li>{{lang 'core.auth.login.create_form.fact_faster'}}</li>\n        <li>{{lang 'core.auth.login.create_form.fact_addresses'}}</li>\n        <li>{{lang 'core.auth.login.create_form.fact_order_history'}}</li>\n        <li>{{lang 'core.auth.login.create_form.fact_track_orders'}}</li>\n        {{#if settings.show_wishlist}}\n          <li>{{lang 'core.auth.login.create_form.fact_wishlist'}}</li>\n        {{/if}}\n      </ul>\n      <a class=\"button account-button-primary\" href=\"{{urls.auth.create_account}}\">{{lang 'core.auth.login.create_form.create_account'}}</a>\n    </div>\n  </div>\n{{/partial}}\n\n{{> core/account/_private/layout class='login' nav='hidden' header='hidden'}}\n","core/forms/common/email":"\n<div class=\"form-field form-field-common form-field-email {{#if required}} form-required{{/if}}\" id=\"{{id}}\">\n  <label class=\"form-label\">\n    <span class=\"form-field-title\">\n      {{label}}\n      {{#if required}}<span class=\"required-text\">{{lang 'common.required'}}</span>{{/if}}\n    </span>\n    <span class=\"form-field-control\">\n      <input class=\"form-input\"\n        id=\"input-{{id}}\"\n        name=\"{{name}}\"\n        type=\"email\"\n        placeholder=\"{{prefill}}\"\n        {{#if value}}value=\"{{value}}\"{{/if}}\n        {{#if private_id}}data-field-type=\"{{private_id}}\"{{/if}}\n        {{#if required}}required{{/if}}\n        aria-required=\"{{required}}\">\n    </span>\n  </label>\n</div>\n","core/forms/common/password":"\n<div class=\"form-field form-field-common form-field-password {{#if required}} form-required{{/if}}\" id=\"{{id}}\">\n  <label class=\"form-label\">\n    <span class=\"form-field-title\">\n      {{label}}\n      {{#if required}}<span class=\"required-text\">{{lang 'common.required'}}</span>{{/if}}\n    </span>\n    <span class=\"form-field-control\">\n      <input class=\"form-input\"\n        id=\"password-{{id}}\"\n        name=\"{{name}}\"\n        type=\"password\"\n        placeholder=\"{{prefill}}\"\n        {{#if value}}value=\"{{value}}\"{{/if}}\n        {{#if private_id}}data-field-type=\"{{private_id}}\"{{/if}}\n        {{#if required}}required{{/if}}\n        {{#if value_match}}\n          data-validates=\"equalTo[{{value_match}}]\"\n          data-vd-message-equalTo=\"{{lang 'core.auth.new_password.passwords_no_match'}}\"\n        {{/if}}\n        aria-required=\"{{required}}\">\n    </span>\n  </label>\n</div>\n"}
