{"core/account/_private/layout":"{{!\n  A wrapper for all account pages.\n\n  @block account-heading\n         The page's title.\n\n  @block account-content\n         The content for the main part of the layout.\n\n  @param class string\n         A name for the current page, added as a class to the account wrapper.\n\n  @param nav string\n         If \"hidden\", no nav will be shown.\n\n  @param nav_page string\n         If matches a string in navigation.html, that link will be made active.\n\n  @param header string\n         If \"hidden\", no header will be shown.\n         If \"top\", header will be shown above the nav.\n         Otherwise, header will be shown above the content.\n}}\n<section class=\"account-wrapper account-page-{{class}}{{#if nav '===' 'hidden'}} account-nav-hidden{{/if}}\">\n  {{#if header '===' 'top'}}{{> core/account/_private/layout-heading}}{{/if}}\n\n  {{#if nav '!==' 'hidden'}}\n    {{> core/account/_private/navigation nav_page=nav_page}}\n  {{/if}}\n\n  <div class=\"account-body\">\n    {{#unless header}}{{> core/account/_private/layout-heading}}{{/unless}}\n\n    <div class=\"account-content\">\n      {{#block 'account-content'}}{{/block}}\n    </div>\n  </div>\n</section>\n","core/account/_private/layout-heading":"<div class=\"account-header\">\n  <h1 class=\"account-heading\">{{#block 'account-heading'}}{{/block}}</h1>\n\n  <div class=\"account-toolbar\">{{#block 'account-toolbar'}}{{/block}}</div>\n</div>\n","core/account/_private/navigation":"<nav class=\"account-nav\">\n  <ul class=\"account-nav-list\">\n    <li class=\"account-nav-item{{#if nav_page '===' 'orders'}} is-active{{/if}}\">\n      <a class=\"account-nav-link\" href=\"{{urls.account.orders.all}}\">{{lang 'core.account.menu.orders'}}</a>\n    </li>\n\n    {{#if settings.returns_enabled}}\n      <li class=\"account-nav-item{{#if nav_page '===' 'returns'}} is-active{{/if}}\">\n        <a class=\"account-nav-link\" href=\"{{urls.account.returns}}\">{{lang 'core.account.menu.returns'}}</a>\n      </li>\n    {{/if}}\n\n    <li class=\"account-nav-item{{#if nav_page '===' 'messages'}} is-active{{/if}}\">\n      <a class=\"account-nav-link\" href=\"{{urls.account.inbox}}\">{{lang 'core.account.menu.messages'}}\n        {{#if customer.num_new_messages}}\n          <span class=\"account-nav-badge\">{{customer.num_new_messages}}</span>\n        {{/if}}\n      </a>\n    </li>\n\n    <li class=\"account-nav-item{{#if nav_page '===' 'addresses'}} is-active{{/if}}\">\n      <a class=\"account-nav-link\" href=\"{{urls.account.addresses}}\">{{lang 'core.account.menu.addresses'}}</a>\n    </li>\n\n    {{#if settings.show_wishlist}}\n      <li class=\"account-nav-item{{#if nav_page '===' 'wishlists'}} is-active{{/if}}\">\n        <a class=\"account-nav-link\" href=\"{{urls.account.wishlists.all}}\">{{lang 'core.account.menu.wishlists'}}</a>\n      </li>\n    {{/if}}\n\n    <li class=\"account-nav-item{{#if nav_page '===' 'recent_items'}} is-active{{/if}}\">\n      <a class=\"account-nav-link\" href=\"{{urls.account.recent_items}}\">{{lang 'core.account.menu.recently_viewed'}}</a>\n    </li>\n\n    <li class=\"account-nav-item{{#if nav_page '===' 'settings'}} is-active{{/if}}\">\n      <a class=\"account-nav-link\" href=\"{{urls.account.details}}\">{{lang 'core.account.menu.settings'}}</a>\n    </li>\n  </ul>\n\n  {{#if customer.store_credit.value '>' 0}}\n    {{> core/alerts/alert-success (lang 'core.account.common.store_credit' store_credit=customer.store_credit.formatted)}}\n  {{/if}}\n</nav>\n","core/account/download-item":"{{#partial 'account-heading'}}\n  {{lang 'core.account.download.heading' number=downloads.order_id name=downloads.product_name}}\n{{/partial}}\n\n{{#partial 'account-content'}}\n  <div class=\"account-downloads\">\n    {{#if downloads.images}}\n      <div class=\"account-downloads-gallery\">\n        <div class=\"account-downloads-gallery-image account-card\">\n          <img src=\"{{getImage downloads.thumbnail 'account-product-thumbnail' (cdn ../theme_settings.default_image)}}\" alt=\"{{downloads.images.thumbnail}}\" data-account-download-image>\n        </div>\n\n        {{#if downloads.images.length '>' 1}}\n          <div class=\"account-downloads-gallery-thumbs\">\n            {{#each downloads.images}}\n              <div class=\"account-downloads-gallery-thumb\">\n                <img src=\"{{getImage this}}\" alt=\"{{alt}}\" data-account-download-thumb>\n              </div>\n            {{/each}}\n          </div>\n        {{/if}}\n      </div>\n    {{/if}}\n\n    {{#each downloads.items}}\n      <div class=\"account-download {{#if expired}}is-expired{{/if}}\">\n        <h1 class=\"account-download-title\">\n          <span class=\"account-download-filename\">\n            {{#unless expired}}<a class=\"account-download-link\" href=\"{{url}}\">{{/unless}}{{name}}{{#unless expired}}</a>{{/unless}}\n          </span>\n          <span class=\"account-download-filesize\">{{size}}</span>\n        </h1>\n\n        {{#if description}}\n          <div class=\"account-download-description\">{{description}}</div>\n        {{/if}}\n\n        <div class=\"account-download-expiry\">\n          {{#if expired}}\n            <span class=\"account-download-expiry-item\">{{lang 'core.account.download.expired'}}</span>\n          {{else}}\n            {{#if days_remaining}}\n              <span class=\"account-download-expiry-item\">\n                {{lang 'core.account.download.days_remaining' days=days_remaining}}\n              </span>\n            {{/if}}\n\n            {{#if downloads_remaining}}\n              <span class=\"account-download-expiry-item\">\n                {{lang 'core.account.download.downloads_remaining' downloads=downloads_remaining}}\n              </span>\n            {{/if}}\n          {{/if}}\n        </div>\n      </div>\n    {{/each}}\n  </div>\n{{/partial}}\n\n{{> core/account/_private/layout nav_page='orders' class='download-item'}}\n","core/alerts/alert-success":"<div class=\"alert alert-success\">\n  {{#if dismissable}}<a class=\"alert-dismiss\">&times;</a>{{/if}}\n\n  <div class=\"alert-message\">\n    {{#if message}}\n      {{{message}}}\n    {{else}}\n      {{{this}}}\n    {{/if}}\n  </div>\n</div>\n"}
