{"components/common/main-navigation-pages":"{{#each pages}}\n  <li class=\"main-nav-item nav-page {{#if children}}dropdown{{/if}}\">\n    <a class=\"top-level-nav-link pages\" href=\"{{url}}\">\n      <span>{{name}}</span>\n      {{#if children}}\n        <span class=\"dropdown-toggle\">\n          <svg class=\"icon icon-arrow-down\"><use xlink:href=\"#icon-arrow-down\" /></svg>\n        </span>\n      {{/if}}\n    </a>\n    {{#if children}}\n      <ul class=\"dropdown-panel\">\n        {{#each children}}\n          <li>\n            <a href=\"{{url}}\">{{name}}</a>\n            {{#if children}}\n              <ul>\n                {{#each children}}\n                  <li><a href=\"{{url}}\">{{name}}</a></li>\n                {{/each}}\n              </ul>\n            {{/if}}\n          </li>\n        {{/each}}\n      </ul>\n    {{/if}}\n  </li>\n{{/each}}\n","components/common/navigation-mega":"{{!\r\n  @param nav_items\r\n         > either \"pages\" or \"categories\", passed from parent template\r\n}}\r\n\r\n{{#each nav_items}}\r\n  <li class=\"parent {{#if children}}has-children{{/if}}\">\r\n    <a class=\"{{#if image}}has-image{{/if}}\" href=\"{{url}}\">{{name}}</a>\r\n    {{#unless ../theme_settings.meganav-show-top-level-only}}\r\n      {{#if children}}\r\n      \r\n       <div class=\"children-menu-image\">\r\n          <div class=\"cat_menu_title\"> <a href=\"{{url}}\">{{name}}</a></div>\r\n           \r\n        <ul class=\"children\">\r\n          {{#each children}}\r\n            <li>\r\n              <a class=\"{{#if image}}has-image{{/if}}\" href=\"{{url}}\">{{name}}</a>\r\n              {{#if children}}\r\n                <ul>\r\n                  {{#each children}}\r\n                    <li><a href=\"{{url}}\">{{name}}</a></li>\r\n                  {{/each}}\r\n                </ul>\r\n              {{/if}}\r\n            </li>\r\n          {{/each}}\r\n        </ul>\r\n         <div class=\"category-image-container-new\">\r\n         <div class=\"category-image-new\" style=\"background-image: url({{getImage image 'product'}});\">\r\n           <img class=\"sr-only\" src=\"{{getImage image 'product'}}\" alt=\"{{image.alt}}\" />\r\n           \r\n        </div>\r\n    </div>\r\n        </div>\r\n      {{/if}}\r\n    {{/unless}}\r\n    \r\n   \r\n    \r\n    \r\n    \r\n    \r\n  </li>\r\n{{/each}}\r\n","components/common/search-form":"{{{snippet 'forms_search'}}}\n\n<form class=\"search-form\" action=\"/search.php\" data-validated-form>\n  <div class=\"form-field\">\n    <input class=\"search-input form-input form-input-short\" name=\"search_query\" placeholder=\"{{lang 'header.search'}}\" required>\n  </div>\n  <button class=\"button-search-submit\" type=\"submit\">\n    <svg class=\"icon icon-search\"><use xlink:href=\"#icon-search\" /></svg>\n  </button>\n</form>\n","components/header/account-button":"{{#if customer}}\n  <div class=\"dropdown dropdown-account\">\n    <a class=\"top-bar-button dropdown-toggle\" href=\"#\">\n      <svg class=\"icon icon-account\"><use xlink:href=\"#icon-account\" /></svg>\n    </a>\n    <div class=\"dropdown-panel dropdown-panel-tooltip\">\n      <a class=\"account-link\" href=\"{{urls.account.index}}\">account</a>\n      <a class=\"account-link\" href=\"{{urls.auth.logout}}\">logout</a>\n    </div>\n  </div>\n{{else}}\n  <a class=\"top-bar-button\" href=\"{{urls.auth.login}}\">\n    <svg class=\"icon icon-account\"><use xlink:href=\"#icon-account\" /></svg>\n  </a>\n{{/if}}\n","components/header/currency-selector":"{{#if currency_selector.currencies.length \">\" 1}}\n  <div class=\"currency-selector customer-util\" data-currency-selector>\n    <span class=\"form-selected-text\" data-currency-selector-toggle>\n      {{currency_selector.active_currency_code}}\n    </span>\n    <i class=\"icon icon-arrow-down\"></i>\n    <select class=\"currencies\">\n      {{#each currency_selector.currencies}}\n        <option value=\"{{{switch_url}}}\" {{#if is_active}}selected{{/if}} data-value=\"{{currency-code}}\">\n          {{name}}\n        </option>\n      {{/each}}\n    </select>\n  </div>\n{{/if}}\n","components/header/navigation-mobile":"<div class=\"navigation-mobile\">\n  <section class=\"utils customer-utils\">\n    {{#if currency_selector.currencies.length \">\" 1}}\n      <div class=\"util\">{{> components/header/currency-selector}}</div>\n    {{/if}}\n    {{#if settings.account_creation_enabled}}\n      <div class=\"util\">{{> components/header/account-button}}</div>\n    {{/if}}\n    <div class=\"util\">\n      <a class=\"cart-link\" href=\"{{urls.cart}}\">\n        <svg class=\"icon icon-cart\"><use xlink:href=\"#icon-cart\" /></svg>\n        <span class=\"icon-cart-count {{#if cart.quantity '>' 0}}show{{/if}}\"><span class=\"number\">{{cart.quantity}}</span></span>\n      </a>\n    </div>\n    <div class=\"util dropdown dropdown-search\">\n      <button class=\"button-search-toggle dropdown-toggle\">\n        <svg class=\"icon icon-search\"><use xlink:href=\"#icon-search\" /></svg>\n      </button>\n      <div class=\"dropdown-panel dropdown-panel-tooltip\">\n        {{> components/common/search-form}}\n      </div>\n    </div>\n  </section>\n\n  <nav class=\"navigation\">\n    <ul>\n      {{#if theme_settings.global-show-home-in-nav}}\n        <li><a class=\"nav-page top-level-nav-link\" href=\"{{urls.home}}\">{{lang 'header.home_nav_item'}}</a></li>\n      {{/if}}\n      <li class=\"dropdown\">\n        <a class=\"nav-page dropdown-toggle top-level-nav-link\" href=\"#\">\n          {{lang 'header.shop_nav_item'}}\n          <svg class=\"icon icon-chevron-down\"><use xlink:href=\"#icon-chevron-down\" /></svg>\n        </a>\n        <div class=\"dropdown-panel\">\n          <ul>\n            {{> components/common/navigation-mega nav_items=categories}}\n          </ul>\n        </div>\n      </li>\n      {{> components/common/main-navigation-pages}}\n    </ul>\n  </nav>\n</div>\n"}
