{"components/common/navigation-multi-level":"{{!\n  @param nav_items\n         > either \"pages\" or \"categories\", passed from parent template\n}}\n\n<nav class=\"navigation\">\n  <ul>\n    {{#each nav_items}}\n      <li class=\"{{#if children}}dropdown{{/if}}\">\n        <a class=\"top-level-nav-link\" href=\"{{url}}\">\n          {{name}}\n          {{#if children}}\n            <span class=\"dropdown-toggle\">\n              <i class=\"icon icon-arrow-down\"></i>\n            </span>\n          {{/if}}\n        </a>\n        {{#if children}}\n          <ul class=\"dropdown-panel\">\n            {{! only categories have IDs}}\n            {{#if this.id}}\n              <li><a href=\"{{url}}\">{{lang 'common.navigation_all' name=name}}</a></li>\n            {{/if}}\n            {{#each children}}\n              <li>\n                <a href=\"{{url}}\">{{name}}</a>\n                {{#if children}}\n                  <ul>\n                    {{#each children}}\n                      <li><a href=\"{{url}}\">{{name}}</a></li>\n                    {{/each}}\n                  </ul>\n                {{/if}}\n              </li>\n            {{/each}}\n          </ul>\n        {{/if}}\n      </li>\n    {{/each}}\n    {{#if settings.gift_certificates_enabled}}\n      {{#if nav_items '==' pages}}\n        <li><a href=\"{{urls.gift_certificate.purchase}}\">{{lang 'header.gift_certificate_cta'}}</a></li>\n      {{/if}}\n    {{/if}}\n  </ul>\n</nav>\n","components/common/navigation-top-level":"{{!\n  @param nav_items\n         > either \"pages\" or \"categories\", passed from parent template\n}}\n\n<nav class=\"navigation\">\n  <ul>\n    {{#each nav_items}}\n      <li>\n        <a class=\"top-level-nav-link\" href=\"{{url}}\">\n          {{name}}\n        </a>\n      </li>\n    {{/each}}\n  </ul>\n</nav>\n","components/common/newsletter-signup":"<div class=\"newsletter-signup\">\n  <form class=\"form subscription-form\" action=\"{{urls.subscribe.action}}\" method=\"post\" data-validated-form>\n    <input type=\"hidden\" name=\"action\" value=\"subscribe\">\n    <input type=\"hidden\" name=\"nl_first_name\" value=\"bc\">\n    <input type=\"hidden\" name=\"check\" value=\"1\">\n    <div class=\"form-field form-inline\">\n      <label class=\"sr-only\" for=\"nl_email\">{{lang 'newsletter.email_placeholder'}}</label>\n      <input class=\"form-input form-input-short\" id=\"nl_email\" name=\"nl_email\" type=\"email\" value=\"{{customer.email}}\" placeholder=\"{{lang 'newsletter.email_placeholder'}}\" required>\n    </div>\n    <button class=\"submit\" type=\"submit\">\n      <svg class=\"icon icon-arrow-right\"><use xlink:href=\"#icon-arrow-right\" /></svg>\n    </button>\n  </form>\n</div>\n","components/common/site-branding":"<a class=\"site-branding-link\" href=\"{{urls.home}}\">\n  {{# if settings.store_logo.image }}\n    <img class=\"site-branding-logo\" src=\"{{getImage settings.store_logo.image 'blog-thumb'}}\" alt=\"{{settings.store_logo.title}}\">\n  {{else}}\n    <a href=\"{{urls.home}}\">\n      <span class=\"site-branding-title\">{{settings.store_logo.title}}</span>\n    </a>\n  {{/if}}\n</a>\n","components/common/social-media-links":"<ul class=\"footer-social-media\">\n  {{#each links}}\n    {{#if display_name '==' 'twitter'}}\n      <li class=\"social-media-link\">\n        <a href=\"{{this.url}}\" title=\"{{this.name}}\" target=\"_blank\">\n          {{> svg/social/twitter}}\n          <span class=\"sr-only\">{{this.name}}</span>\n        </a>\n      </li>\n    {{/if}}\n\n    {{#if display_name '==' 'facebook'}}\n      <li class=\"social-media-link\">\n        <a href=\"{{this.url}}\" title=\"{{this.name}}\" target=\"_blank\">\n          {{> svg/social/facebook}}\n          <span class=\"sr-only\">{{this.name}}</span>\n        </a>\n      </li>\n    {{/if}}\n\n    {{#if display_name '==' 'google+'}}\n      <li class=\"social-media-link\">\n        <a href=\"{{this.url}}\" title=\"{{this.name}}\" target=\"_blank\">\n          {{> svg/social/googleplus}}\n          <span class=\"sr-only\">{{this.name}}</span>\n        </a>\n      </li>\n    {{/if}}\n\n    {{#if display_name '==' 'pinterest'}}\n      <li class=\"social-media-link\">\n        <a href=\"{{this.url}}\" title=\"{{this.name}}\" target=\"_blank\">\n          {{> svg/social/pinterest}}\n          <span class=\"sr-only\">{{this.name}}</span>\n        </a>\n      </li>\n    {{/if}}\n\n    {{#if display_name '==' 'youtube'}}\n      <li class=\"social-media-link\">\n        <a href=\"{{this.url}}\" title=\"{{this.name}}\" target=\"_blank\">\n          {{> svg/social/youtube}}\n          <span class=\"sr-only\">{{this.name}}</span>\n        </a>\n      </li>\n    {{/if}}\n\n    {{#if display_name '==' 'instagram'}}\n      <li class=\"social-media-link\">\n        <a href=\"{{this.url}}\" title=\"{{this.name}}\" target=\"_blank\">\n          {{> svg/social/instagram}}\n          <span class=\"sr-only\">{{this.name}}</span>\n        </a>\n      </li>\n    {{/if}}\n\n    {{#if display_name '==' 'linkedin'}}\n      <li class=\"social-media-link\">\n        <a href=\"{{this.url}}\" title=\"{{this.name}}\" target=\"_blank\">\n          {{> svg/social/linkedin}}\n          <span class=\"sr-only\">{{this.name}}</span>\n        </a>\n      </li>\n    {{/if}}\n\n    {{#if display_name '==' 'tumblr'}}\n      <li class=\"social-media-link\">\n        <a href=\"{{this.url}}\" title=\"{{this.name}}\" target=\"_blank\">\n          {{> svg/social/tumblr}}\n          <span class=\"sr-only\">{{this.name}}</span>\n        </a>\n      </li>\n    {{/if}}\n\n    {{#if display_name '==' 'stumbleupon'}}\n      <li class=\"social-media-link\">\n        <a href=\"{{this.url}}\" title=\"{{this.name}}\" target=\"_blank\">\n          {{> svg/social/stumbleupon}}\n          <span class=\"sr-only\">{{this.name}}</span>\n        </a>\n      </li>\n    {{/if}}\n\n    {{#if display_name '==' 'rss'}}\n      <li class=\"social-media-link\">\n        <a href=\"{{this.url}}\" title=\"{{this.name}}\" target=\"_blank\">\n          {{> svg/social/rss}}\n          <span class=\"sr-only\">{{this.name}}</span>\n        </a>\n      </li>\n    {{/if}}\n  {{/each}}\n</ul>\n","components/footer/brand-navigation":"{{#if shop_by_brand}}\n  <h4 class=\"footer-title\">{{lang 'footer.brand_nav'}}</h4>\n  <nav class=\"navigation\">\n    <ul>\n      {{#each shop_by_brand}}\n        {{#if @index '<' 5}}\n          <li>\n            <a href=\"{{url}}\" class=\"first-one\">{{name}}</a>\n          </li>\n        {{/if}}\n      {{/each}}\n      {{#if shop_by_brand.length '>' 5}}\n        <li class=\"footer-link-separation\">\n          <a href=\"{{urls.brands}}\">{{lang 'footer.view_all'}}</a>\n        </li>\n      {{/if}}\n    </ul>\n  </nav>\n{{/if}}\n","components/footer/footer":"{{#if banners.bottom}}\r\n  <div class=\"banners banners-bottom\">\r\n    {{#each banners.bottom}}\r\n      <div class=\"banner rte\">\r\n        {{{this}}}\r\n      </div>\r\n    {{/each}}\r\n  </div>\r\n{{/if}}\r\n\r\n<footer class=\"site-footer\">\r\n  <div class=\"container\">\r\n      \r\n      \r\n      \r\n      \r\n    <div class=\"footer-col footer-info\">\r\n      <h4 class=\"footer-title site-branding {{#if settings.store_logo.image}}has-logo{{/if}}\">\r\n        {{> components/common/site-branding}}\r\n      </h4>\r\n      {{#if theme_settings.footer-show-address }}\r\n        <p>{{settings.address}}</p>\r\n        {{settings.Privacy_Cookie}}\r\n        \r\n        \r\n        <p><a class=\"site-phone-number\" href=\"tel:{{settings.phone_number}}\">{{settings.phone_number}}</a></p>\r\n      {{/if}}\r\n      \r\n       {{#if settings.show_newsletter_box}}\r\n        <div class=\"footer-newsletter\">\r\n          <h4 class=\"footer-title\">{{lang 'footer.subscribe'}}</h4>\r\n          {{> components/common/newsletter-signup}}\r\n        </div>\r\n      {{/if}}\r\n       <div class=\"footer-col footer-social-icons\">\r\n      {{#if social_media.length}}\r\n        <div class=\"footer-social\">\r\n          <h4 class=\"footer-title\">{{lang 'footer.social_title'}}</h4>\r\n          {{> components/common/social-media-links links=social_media}}\r\n        </div>\r\n      {{/if}}\r\n    </div>\r\n    \r\n    </div>\r\n    \r\n    \r\n    \r\n    \r\n    <div class=\"footer-col footer-nav brands\">\r\n      <h4 class=\"footer-title\">{{lang 'footer.page_nav'}}</h4>\r\n      {{> components/common/navigation-multi-level nav_items=pages}}\r\n      <nav class=\"navigation\">\r\n          <ul>\r\n             <li><a class=\"top-level-nav-link\" href=\"http://www.stonecountyironworks.com/sustainability/\">Eco</a></li>\r\n             \r\n             <li><a class=\"top-level-nav-link\" href=\"http://www.stonecountyironworks.com/policies/\">Policies</a></li>\r\n             \r\n             <li><a class=\"top-level-nav-link\" href=\"http://www.stonecountyironworks.com/artisan-bios/\">Meet The Makers</a></li>\r\n\r\n             <li><a class=\"top-level-nav-link\" href=\"http://www.stonecountyironworks.com/about/\">Why We Forge</a></li>\r\n         </ul>\r\n        </nav>\r\n    </div>\r\n    <div class=\"footer-col footer-nav categories\">\r\n      {{#if theme_settings.footer-show-categories}}\r\n        <h4 class=\"footer-title\">{{lang 'footer.category_nav'}}</h4>\r\n        {{> components/common/navigation-top-level nav_items=categories}}\r\n      {{else}}\r\n        {{> components/footer/brand-navigation}}\r\n      {{/if}}\r\n    </div>\r\n    \r\n  </div>\r\n   \r\n   \r\n    \r\n  <div class=\"bottom-bar theme-credits\">\r\n    <div class=\"container\">\r\n      <div class=\"footer-payment-icons {{#if theme_settings.theme-credits}}align-right{{/if}}\">\r\n        <ul class=\"footer-payment-icons-list\">\r\n          {{#if theme_settings.payment_visa}}\r\n            <li>{{> svg/visa}}</li>\r\n          {{/if}}\r\n\r\n          {{#if theme_settings.payment_mastercard}}\r\n            <li>{{> svg/mastercard}}</li>\r\n          {{/if}}\r\n\r\n          {{#if theme_settings.payment_american_express}}\r\n            <li>{{> svg/amex}}</li>\r\n          {{/if}}\r\n\r\n          {{#if theme_settings.payment_discover}}\r\n            <li>{{> svg/discover}}</li>\r\n          {{/if}}\r\n\r\n          {{#if theme_settings.payment_paypal}}\r\n            <li>{{> svg/paypal}}</li>\r\n          {{/if}}\r\n\r\n          {{#if theme_settings.payment_apple_pay}}\r\n            <li>{{> svg/apple}}</li>\r\n          {{/if}}\r\n        </ul>\r\n      </div>\r\n\r\n\r\n\r\n\r\n\r\n\r\n\r\n\r\n\r\n\r\n      {{#any theme_settings.store-copyright theme_settings.theme-credits}}\r\n        <p class=\"credit-text\">\r\n          {{#if theme_settings.theme-credits}}\r\n            <span class=\"footer-credits\">\r\n              {{{lang 'footer.credits'\r\n                theme_name='Merchant'\r\n                theme_author='<a href=\"http://pixelunion.net\" target=\"_blank\">Pixel Union</a>'\r\n                theme_platform='<a href=\"http://bigcommerce.com\" target=\"_blank\" rel=\"nofollow\">Bigcommerce</a>'\r\n              }}}\r\n            </span>\r\n          {{/if}}\r\n\r\n          {{#all theme_settings.store-copyright theme_settings.theme-credits}} | {{/all}}\r\n\r\n          {{#if theme_settings.store-copyright}}\r\n            <span class=\"footer-copyright\">&copy; <script>document.write(new Date().getFullYear())</script> {{settings.store_name}}</span>\r\n          {{/if}}\r\n        </p>\r\n      {{/any}}\r\n\r\n      {{#if theme_settings.sitemap}}\r\n        <p class=\"sitemap-text {{#unless theme_settings.theme-credits}}align-center{{/unless}}\">\r\n            <a href=\"http://www.stonecountyironworks.com/privacy\">Privacy Policy</a> | \r\n            <a href=\"http://www.stonecountyironworks.com/terms\">Terms & Conditions</a> | \r\n            <a href=\"{{urls.sitemap}}\">{{lang 'sitemap.title'}}</a>\r\n            </p>\r\n      {{/if}}\r\n      <div class=\"designby-bar\"> Designed by <i class=\"fa fa-bolt\"></i> <a href=\"https://www.alcinder.com\" target=\"_blank\">Alcinder Tech</a></div>\r\n    </div>\r\n  </div>\r\n  \r\n\r\n</footer>\r\n","svg/amex":"<svg xmlns=\"http://www.w3.org/2000/svg\" width=\"70\" height=\"32\" viewBox=\"0 0 70 32\"><path d=\"M69.102 17.22l.4 9.093c-.69.313-3.286 1.688-4.26 1.688h-4.79v-.655c-.545.438-1.548.656-2.466.656H42.933v-2.465c0-.344-.057-.344-.345-.344h-.257V28h-4.96v-2.923c-.832.402-1.75.402-2.58.402h-.545V28h-6.05l-1.434-1.656-1.576 1.656h-9.72v-10.78h9.892l1.405 1.662 1.55-1.663h6.65c.776 0 2.038.116 2.582.66v-.66h5.936c.602 0 1.75.116 2.523.66v-.66h8.947v.66c.516-.43 1.433-.66 2.265-.66H62.2v.66c.546-.37 1.32-.66 2.323-.66H69.1zm-34.197 6.65c1.577 0 3.183-.43 3.183-2.58 0-2.093-1.635-2.523-3.07-2.523h-5.877l-2.38 2.523-2.235-2.523h-7.427v7.67h7.312l2.35-2.51 2.267 2.51h3.556V23.87h2.322zM46 23.557c-.17-.23-.486-.516-.945-.66.516-.172 1.318-.832 1.318-2.036 0-.89-.315-1.377-.917-1.72-.602-.316-1.32-.373-2.266-.373h-4.215v7.67h1.864V23.64h1.977c.66 0 1.032.06 1.32.345.315.373.315 1.032.315 1.548v.903h1.836V24.96c0-.69-.058-1.033-.288-1.406zm7.57-3.183v-1.605h-6.135v7.67h6.136v-1.563h-4.33v-1.55h4.245V21.78H49.24v-1.405h4.33zm4.675 6.065c1.864 0 2.926-.76 2.926-2.393 0-.774-.23-1.262-.544-1.664-.46-.37-1.12-.6-2.15-.6H57.47c-.257 0-.486-.058-.716-.116-.2-.086-.373-.258-.373-.545 0-.26.06-.43.288-.603.143-.115.373-.115.717-.115h3.383v-1.634h-3.67c-1.98 0-2.64 1.204-2.64 2.294 0 2.438 2.152 2.322 3.843 2.38.345 0 .545.058.66.173.116.086.23.315.23.544 0 .2-.114.372-.23.487-.172.115-.372.172-.716.172H54.69v1.62h3.554zm7.197 0c1.864 0 2.924-.76 2.924-2.393 0-.774-.23-1.262-.544-1.664-.46-.37-1.12-.6-2.15-.6h-1.004c-.258 0-.488-.058-.718-.116-.2-.086-.373-.258-.373-.545 0-.26.115-.43.287-.603.144-.115.373-.115.717-.115h3.384v-1.634h-3.67c-1.922 0-2.64 1.204-2.64 2.294 0 2.438 2.152 2.322 3.843 2.38.344 0 .544.058.66.174.115.086.23.315.23.544 0 .2-.115.373-.23.488s-.373.172-.717.172h-3.556v1.62h3.556zm-21.476-5.92c.23.115.373.344.373.66 0 .343-.144.6-.374.773-.287.116-.545.116-.89.116l-2.236.058v-1.75h2.237c.344 0 .66 0 .89.144zM36.108 8.646c-.287.172-.544.172-.918.172h-2.265V7.126h2.265c.316 0 .688 0 .918.114.23.144.344.374.344.718 0 .315-.114.602-.344.69zm14.68-1.807l1.263 3.038H49.53zM30.776 25.79l-2.838-3.183 2.838-3.012v6.193zm4.244-5.42c.66 0 1.09.26 1.09.92s-.43 1.03-1.09 1.03H32.58v-1.95h2.437zM5.772 9.88l1.29-3.04 1.263 3.04H5.774zm13.132 10.494h4.616l2.037 2.237-2.093 2.264h-4.56v-1.55h4.072v-1.547h-4.07v-1.405zm.172-6.996l-.545 1.377h-3.24l-.546-1.32v1.32H8.524l-.66-1.75H6.287l-.717 1.75H-.002l2.39-5.65L4.623 4h4.79l.658 1.262V4h5.59l1.263 2.724L18.158 4h17.835c.832 0 1.548.143 2.093.602V4h4.903v.602C43.79 4.142 44.852 4 46.056 4h7.082l.66 1.262V4h5.217l.775 1.262V4h5.103v10.753h-5.16l-1.004-1.635v1.635H52.31l-.717-1.75h-1.576l-.717 1.75h-3.355c-1.318 0-2.294-.316-2.954-.66v.66h-7.97v-2.466c0-.344-.058-.402-.287-.402h-.257v2.867H19.075v-1.377zM43.363 6.41c-.832.83-.975 1.863-1.004 3.01 0 1.377.343 2.266.946 2.925.66.66 1.806.86 2.695.86h2.152l.716-1.692h3.843l.718 1.692h3.727V7.442l3.47 5.763h2.638V5.52H61.37v5.334L58.13 5.52h-2.838v7.255L52.196 5.52h-2.724l-2.638 6.05h-.832c-.487 0-1.003-.114-1.262-.372-.344-.402-.488-1.004-.488-1.836 0-.803.144-1.405.488-1.748.373-.316.774-.43 1.434-.43h1.75V5.52h-1.75c-1.262 0-2.265.286-2.81.89zm-3.784-.89v7.684h1.862V5.52H39.58zm-8.46 0v7.685h1.806v-2.78h1.98c.66 0 1.09.056 1.375.314.317.4.26 1.06.26 1.49v.975h1.89v-1.52c0-.66-.056-1.003-.343-1.376-.172-.23-.487-.49-.89-.66.517-.23 1.32-.832 1.32-2.036 0-.89-.373-1.377-.976-1.75-.6-.344-1.26-.344-2.207-.344h-4.215zm-7.484 0v7.686H29.8V11.63h-4.3v-1.55h4.244V8.503H25.5V7.126h4.3V5.52h-6.164zm-7.512 7.685H17.7l2.696-6.02v6.02h1.864V5.52h-3.01l-2.266 5.22-2.41-5.22h-2.952v7.255L8.468 5.52H5.744l-3.297 7.685h1.978l.688-1.692h3.87l.69 1.692h3.755v-6.02z\"/></svg>\n","svg/apple":"<svg xmlns=\"http://www.w3.org/2000/svg\" width=\"68\" height=\"32\" viewBox=\"0 0 68 32\">\n<title>Apple Pay</title>\n  <path d=\"M17.946 13.146c.032 3.738 3.392 4.992 3.424 5.005-.032.084-.544 1.774-1.773 3.52-1.062 1.505-2.176 3.01-3.904 3.035-1.715.032-2.266-.98-4.224-.98-1.953 0-2.56.948-4.18 1.012-1.683.064-2.963-1.632-4.032-3.136-2.19-3.065-3.866-8.67-1.613-12.447C2.765 7.278 4.762 6.08 6.93 6.055c1.646-.032 3.2 1.075 4.212 1.075 1.024 0 2.906-1.33 4.896-1.133.832.032 3.168.32 4.672 2.45-.128.065-2.79 1.582-2.752 4.71zM14.72 3.95c.896-1.044 1.504-2.497 1.344-3.95-1.293.05-2.848.832-3.776 1.875-.82.928-1.536 2.406-1.344 3.827 1.427.115 2.893-.704 3.776-1.747zM27.635 2.163c.666-.115 1.395-.21 2.19-.3.8-.084 1.676-.13 2.623-.13 1.376 0 2.56.16 3.546.48.992.32 1.805.788 2.445 1.39.543.53.972 1.165 1.28 1.9.306.73.46 1.575.46 2.53 0 1.15-.21 2.175-.64 3.04-.416.87-.992 1.6-1.728 2.188-.717.59-1.587 1.025-2.586 1.32-1.005.287-2.1.428-3.283.428-1.062 0-1.965-.077-2.688-.23v9.6h-1.613l-.006-22.214zm1.6 11.213c.397.11.832.192 1.306.23.48.045.993.064 1.537.064 2.048 0 3.648-.46 4.768-1.395 1.126-.934 1.69-2.304 1.69-4.11 0-.863-.14-1.625-.435-2.265s-.717-1.178-1.26-1.587c-.55-.41-1.198-.723-1.953-.934-.75-.212-1.58-.32-2.496-.32-.722 0-1.343.03-1.874.082-.525.064-.947.128-1.267.192l-.014 10.042zm23.72 7.206c0 .64.012 1.293.03 1.94.02.64.084 1.26.193 1.855H51.68l-.237-2.266h-.077c-.205.32-.467.628-.787.935-.32.32-.686.595-1.108.85s-.896.468-1.434.622c-.538.154-1.126.23-1.76.23-.8 0-1.504-.128-2.112-.384-.595-.256-1.088-.59-1.472-.998-.397-.41-.685-.883-.877-1.42-.192-.532-.294-1.07-.294-1.6 0-1.895.82-3.348 2.445-4.372 1.632-1.024 4.083-1.517 7.36-1.472v-.42c0-.43-.032-.91-.115-1.46-.077-.544-.256-1.062-.53-1.55-.257-.485-.673-.895-1.217-1.234-.55-.333-1.293-.5-2.227-.5-.705 0-1.41.097-2.1.308-.704.21-1.33.512-1.9.896l-.513-1.178c.73-.486 1.485-.832 2.26-1.05.767-.21 1.58-.32 2.43-.32 1.134 0 2.062.192 2.78.576.716.37 1.28.858 1.69 1.46s.69 1.28.83 2.02c.155.743.23 1.486.23 2.222l.007 6.31zm-1.6-4.768c-.878-.02-1.78.013-2.727.102-.94.09-1.818.288-2.61.59-.8.293-1.46.735-1.985 1.317-.525.576-.787 1.344-.787 2.304 0 1.133.333 1.965.992 2.496.66.538 1.408.806 2.22.806.654 0 1.25-.09 1.774-.27s.98-.416 1.363-.717c.384-.3.717-.64.98-1.024.255-.372.46-.77.594-1.166.114-.448.172-.768.172-.96l.013-3.482zm4.74-7.443l4.16 10.414c.238.576.45 1.17.654 1.792.204.602.383 1.165.55 1.677h.063l.557-1.645c.192-.62.43-1.248.678-1.894l3.89-10.342h1.71l-4.736 11.744c-.486 1.248-.934 2.38-1.357 3.392s-.845 1.92-1.28 2.733c-.435.814-.87 1.537-1.312 2.158-.448.62-.94 1.165-1.49 1.632-.64.557-1.217.96-1.76 1.216-.532.256-.897.422-1.076.486l-.544-1.3c.41-.178.864-.41 1.363-.703.512-.29.992-.667 1.472-1.134.41-.397.858-.928 1.344-1.587.493-.654.934-1.447 1.318-2.388.147-.352.21-.59.21-.704 0-.147-.063-.384-.204-.704L54.4 8.372h1.695z\"/>\n</svg>\n","svg/discover":"<svg xmlns=\"http://www.w3.org/2000/svg\" width=\"95\" height=\"32\" viewBox=\"0 0 95 32\" ><path d=\"M50.43 8.06c4.547 0 8.093 3.49 8.093 7.935 0 4.47-3.57 7.96-8.093 7.96-4.638 0-8.115-3.443-8.115-8.05 0-4.334 3.635-7.845 8.115-7.845zm-46.068.285c4.81 0 8.168 3.133 8.168 7.64 0 2.247-1.028 4.422-2.76 5.864-1.462 1.213-3.127 1.76-5.43 1.76H0V8.345h4.363zm3.47 11.465c1.027-.912 1.64-2.38 1.64-3.847 0-1.464-.613-2.882-1.64-3.798-.984-.892-2.146-1.235-4.065-1.235H2.97v10.096h.797c1.92 0 3.127-.367 4.065-1.216zm6.068 3.8V8.347h2.965V23.61H13.9zm10.223-9.41c3.378 1.24 4.38 2.34 4.38 4.765 0 2.952-2.167 5.015-5.248 5.015-2.26 0-3.904-.896-5.27-2.907l1.913-1.856c.685 1.328 1.825 2.036 3.24 2.036 1.325 0 2.308-.915 2.308-2.152 0-.64-.298-1.188-.89-1.577-.298-.187-.89-.46-2.055-.87-2.783-1.01-3.74-2.085-3.74-4.192 0-2.492 2.054-4.37 4.744-4.37 1.667 0 3.196.57 4.473 1.696l-1.55 2.033c-.777-.868-1.507-1.234-2.397-1.234-1.28 0-2.213.732-2.213 1.694 0 .82.525 1.258 2.307 1.92zm5.315 1.786c0-4.436 3.605-7.985 8.1-7.985 1.28 0 2.353.274 3.654.936v3.504c-1.233-1.213-2.308-1.717-3.72-1.717-2.787 0-4.976 2.313-4.976 5.24 0 3.093 2.123 5.268 5.112 5.268 1.347 0 2.397-.48 3.585-1.67v3.504c-1.347.638-2.443.892-3.72.892-4.52 0-8.034-3.478-8.034-7.97zm35.8 2.615l4.11-10.253h3.217l-6.573 15.655h-1.596l-6.46-15.655h3.24zm8.676 5.012V8.347h8.418v2.585H76.88v3.388h5.243v2.585H76.88v4.123h5.452v2.584h-8.418zm20.167-10.76c0 2.336-1.23 3.87-3.468 4.33l4.794 6.43h-3.65l-4.106-6.136h-.388v6.135h-2.97V8.347h4.405c3.425 0 5.384 1.645 5.384 4.506zm-5.955 2.52c1.9 0 2.903-.827 2.903-2.36 0-1.485-1.004-2.265-2.856-2.265h-.91v4.626h.862z\"/></svg>\n","svg/mastercard":"<svg xmlns=\"http://www.w3.org/2000/svg\" width=\"54\" height=\"32\" viewBox=\"0 0 54 32\" ><path d=\"M48.366 15.193c.6 0 .9.437.9 1.282 0 1.28-.546 2.21-1.337 2.21-.6 0-.9-.437-.9-1.31 0-1.282.572-2.183 1.336-2.183zm-10.09 3.082c0-.655.49-1.01 1.472-1.01.11 0 .19.028.382.028-.027.982-.545 1.636-1.227 1.636-.382 0-.628-.246-.628-.656zm-11.998-2.427v.327h-1.91c.165-.763.546-1.173 1.092-1.173.518 0 .818.3.818.845zM38.06.002c8.838 0 16.003 7.165 16.003 16.002s-7.165 16-16.003 16c-3.834 0-7.324-1.345-10.08-3.595 2.102-2.032 3.707-4.568 4.568-7.44h-1.33c-.833 2.552-2.297 4.806-4.2 6.626-1.89-1.816-3.34-4.078-4.17-6.62h-1.33c.857 2.856 2.434 5.4 4.52 7.432-2.75 2.22-6.223 3.594-10.036 3.594C7.165 32.002 0 24.84 0 16.002s7.164-16 16.002-16c3.814 0 7.287 1.377 10.036 3.603-2.087 2.023-3.664 4.568-4.52 7.424h1.33c.83-2.543 2.28-4.805 4.17-6.608 1.904 1.808 3.368 4.06 4.2 6.614h1.33c-.86-2.872-2.466-5.413-4.568-7.443C30.737 1.343 34.226 0 38.06 0zM7.217 20.212h1.69l1.337-8.043H7.572l-1.637 4.99-.082-4.99H3.4l-1.337 8.043h1.582l1.037-6.135.136 6.135H5.99l2.21-6.19zm7.253-.735l.054-.408.382-2.32c.11-.735.136-.98.136-1.308 0-1.254-.79-1.91-2.263-1.91-.628 0-1.2.083-2.046.328l-.246 1.473.163-.028.247-.08c.382-.11.928-.165 1.418-.165.79 0 1.09.164 1.09.6 0 .11 0 .19-.054.41-.272-.028-.517-.055-.708-.055-1.91 0-3 .927-3 2.536 0 1.065.628 1.774 1.555 1.774.79 0 1.364-.246 1.8-.79l-.027.68h1.418l.027-.163.027-.245zm3.518-3.163c-.736-.327-.82-.41-.82-.71 0-.354.3-.518.846-.518.328 0 .79.028 1.227.082l.247-1.5c-.436-.082-1.118-.137-1.5-.137-1.91 0-2.59 1.01-2.563 2.21 0 .817.382 1.39 1.282 1.827.71.327.818.436.818.71 0 .408-.3.6-.982.6-.518 0-.982-.083-1.527-.246l-.246 1.5.08.028.3.054c.11.027.247.055.465.055.382.054.71.054.928.054 1.8 0 2.645-.68 2.645-2.18 0-.9-.354-1.418-1.2-1.828zm3.762 2.427c-.41 0-.573-.135-.573-.463 0-.082 0-.164.027-.273l.463-2.726h.873l.218-1.61h-.873l.19-.98h-1.69l-.737 4.47-.082.52-.11.653c-.026.192-.054.41-.054.574 0 .954.49 1.445 1.364 1.445.382 0 .764-.056 1.227-.22l.218-1.444c-.108.054-.272.054-.463.054zm3.982.11c-.982 0-1.5-.38-1.5-1.144 0-.055 0-.11.027-.19h3.38c.164-.683.22-1.146.22-1.637 0-1.447-.9-2.374-2.32-2.374-1.717 0-2.972 1.663-2.972 3.9 0 1.935.982 2.944 2.89 2.944.628 0 1.173-.082 1.773-.273l.274-1.636c-.6.3-1.145.41-1.773.41zm5.426-3.326h.11c.163-.79.38-1.363.654-1.88l-.055-.028h-.164c-.573 0-.9.273-1.418 1.064l.164-1.01h-1.555l-1.064 6.545h1.72c.626-4.008.79-4.69 1.608-4.69zm4.964 4.61l.3-1.828c-.545.273-1.036.41-1.445.41-1.01 0-1.61-.738-1.61-1.964 0-1.773.9-3.027 2.183-3.027.49 0 .928.136 1.528.436l.3-1.744c-.163-.054-.218-.082-.436-.163l-.682-.164c-.218-.055-.49-.083-.79-.083-2.264 0-3.846 2.018-3.846 4.88 0 2.155 1.146 3.49 3 3.49.463 0 .872-.08 1.5-.245zm5.4-1.065l.354-2.32c.136-.735.136-.98.136-1.308 0-1.254-.763-1.91-2.236-1.91-.627 0-1.2.083-2.045.328l-.245 1.473.164-.028.217-.08c.382-.11.955-.165 1.446-.165.79 0 1.09.164 1.09.6 0 .11-.026.19-.08.41-.247-.028-.492-.055-.683-.055-1.91 0-3 .927-3 2.536 0 1.065.627 1.774 1.555 1.774.79 0 1.363-.246 1.8-.79l-.028.68h1.418v-.163l.027-.245.054-.327zm2.126 1.144c.627-4.008.79-4.69 1.608-4.69h.11c.163-.79.38-1.363.654-1.88l-.055-.028H45.8c-.57 0-.9.273-1.417 1.064l.164-1.01h-1.554l-1.037 6.545h1.69zm5.18 0h1.61l1.308-8.044h-1.69l-.383 2.29c-.464-.6-.955-.9-1.637-.9-1.5 0-2.782 1.855-2.782 4.036 0 1.636.818 2.7 2.073 2.7.627 0 1.118-.218 1.582-.71zM11.307 18.28c0-.656.492-1.01 1.447-1.01.136 0 .218.027.382.027-.027.982-.518 1.636-1.228 1.636-.382 0-.6-.245-.6-.655z\"/></svg>\n","svg/paypal":"<svg xmlns=\"http://www.w3.org/2000/svg\" width=\"57\" height=\"32\" viewBox=\"0 0 57 32\" ><path d=\"M47.11 10.477c2.21-.037 4.633.618 4.072 3.276l-1.37 6.263h-3.158l.21-.947c-1.72 1.71-6.037 1.82-5.334-2.112.49-2.294 2.878-3.023 6.423-3.023.246-1.02-.457-1.274-1.65-1.238s-2.633.437-3.09.655l.282-2.293c.913-.183 2.106-.584 3.615-.584zm.21 6.408c.07-.29.106-.547.176-.838h-.773c-.596 0-1.58.146-1.93.765-.457.728.176 1.348.877 1.31.807-.036 1.474-.4 1.65-1.237zM53.883 8h3.242L54.48 20.016h-3.21zm-14.74.037c1.688 0 3.728 1.274 3.13 4.077-.528 2.476-2.498 3.933-4.89 3.933h-2.428l-.88 3.97h-3.41l2.602-11.98h5.874zm-.106 4.077c.21-.91-.317-1.638-1.197-1.638h-1.69l-.703 3.277h1.583c.88 0 1.795-.728 2.006-1.638zm-22.69-1.638c2.183-.037 4.61.618 4.055 3.276l-1.352 6.262h-3.155l.208-.947c-1.664 1.712-5.93 1.82-5.235-2.11.486-2.295 2.844-3.024 6.345-3.024.208-1.02-.485-1.274-1.664-1.238s-2.602.437-3.018.655l.277-2.293c.866-.182 2.045-.583 3.536-.583zm.242 6.41c.034-.292.103-.548.172-.84h-.797c-.555 0-1.525.147-1.872.766-.45.728.138 1.348.832 1.31.797-.036 1.49-.4 1.664-1.237zm11.938-6.238h3.255l-7.496 13.35H20.76l2.305-3.924-1.29-9.426h3.157l.508 5.58zM8.498 8.036c1.73 0 3.74 1.274 3.14 4.077-.53 2.476-2.504 3.933-4.867 3.933H4.304l-.847 3.97H0l2.61-11.98H8.5zm-.105 4.078c.247-.91-.317-1.638-1.164-1.638H5.535l-.74 3.277h1.622c.882 0 1.763-.728 1.975-1.638z\"/></svg>\n","svg/social/facebook":"<svg width=\"8\" height=\"16\" viewBox=\"0 0 8 16\" xmlns=\"http://www.w3.org/2000/svg\"><title>facebook</title><path d=\"M0 5.292h1.655V3.684c0-.71.018-1.803.532-2.48C2.73.487 3.474 0 4.755 0 6.842 0 7.72.297 7.72.297l-.412 2.45s-.69-.198-1.333-.198c-.644 0-1.22.23-1.22.872v1.87h2.638L7.21 7.685H4.754V16h-3.1V7.685H0V5.292\"/></svg>\n","svg/social/googleplus":"<svg width=\"21\" height=\"14\" viewBox=\"0 0 21 14\" xmlns=\"http://www.w3.org/2000/svg\"><title>google</title><path d=\"M6.668 5.523v2.79h3.595c-.573 1.804-1.46 2.79-3.595 2.79-2.188 0-3.907-1.86-3.907-4.158 0-2.297 1.72-4.156 3.908-4.156 1.146 0 1.928.437 2.605 1.038.573-.6.52-.656 1.875-2.023C9.95.655 8.388 0 6.668 0 2.968 0 0 3.117 0 7s2.97 7 6.668 7c5.522 0 6.877-5.03 6.408-8.422H6.668v-.055zm11.93.22V3.28h-1.615v2.462h-2.397v1.696h2.397v2.515h1.615V7.438h2.344V5.742h-2.344z\"/></svg>\n","svg/social/instagram":"<svg width=\"16\" height=\"16\" viewBox=\"0 0 16 16\" xmlns=\"http://www.w3.org/2000/svg\"><title>instagram</title><path d=\"M14.44 12.908c0 .846-.686 1.533-1.532 1.533H3.092c-.846 0-1.533-.686-1.533-1.532v-6.55h2.387c-.206.507-.32 1.062-.32 1.642 0 2.412 1.96 4.375 4.373 4.375 2.412 0 4.374-1.963 4.374-4.375 0-.58-.116-1.135-.32-1.643h2.387v6.55zm-8.723-6.55C6.23 5.647 7.06 5.182 8 5.182s1.77.465 2.283 1.174c.334.463.534 1.03.534 1.643 0 1.552-1.265 2.816-2.817 2.816-1.552 0-2.816-1.264-2.816-2.816 0-.613.2-1.18.533-1.643zm8.078-4.514h.354v2.71l-2.705.01-.01-2.713 2.36-.006zM12.908 0H3.092C1.388 0 0 1.387 0 3.092v9.816C0 14.613 1.388 16 3.092 16h9.816C14.612 16 16 14.613 16 12.908V3.092C16 1.387 14.612 0 12.908 0z\"/></svg>\n","svg/social/linkedin":"<svg width=\"18\" height=\"16\" viewBox=\"0 0 18 16\" xmlns=\"http://www.w3.org/2000/svg\"><title>linkedin</title><path d=\"M17.425 16h-3.85v-5.625c0-1.472-.603-2.477-1.928-2.477-1.013 0-1.577.678-1.84 1.332-.098.235-.082.56-.082.888V16H5.91s.05-9.964 0-10.87h3.815v1.707c.225-.746 1.444-1.81 3.39-1.81 2.414 0 4.31 1.563 4.31 4.93V16zM2.05 3.77h-.023C.797 3.77 0 2.94 0 1.888 0 .813.82 0 2.075 0c1.253 0 2.023.81 2.048 1.884 0 1.053-.795 1.887-2.072 1.887zM.44 5.13h3.396V16H.44V5.13z\"/></svg>\n","svg/social/pinterest":"<svg width=\"16\" height=\"16\" viewBox=\"0 0 16 16\" xmlns=\"http://www.w3.org/2000/svg\"><title>pinterest</title><path d=\"M8 0C3.583 0 0 3.582 0 8c0 3.275 1.97 6.09 4.79 7.327-.023-.558-.004-1.23.138-1.837l1.03-4.36S5.7 8.62 5.7 7.866c0-1.185.688-2.07 1.543-2.07.727 0 1.08.546 1.08 1.2 0 .732-.468 1.826-.707 2.84-.2.85.425 1.54 1.262 1.54 1.516 0 2.536-1.946 2.536-4.253 0-1.753-1.18-3.065-3.328-3.065-2.426 0-3.938 1.81-3.938 3.83 0 .698.205 1.19.527 1.57.148.175.168.244.114.446l-.16.64c-.055.204-.22.277-.4.202-1.12-.457-1.64-1.68-1.64-3.057 0-2.272 1.916-4.998 5.717-4.998 3.055 0 5.065 2.212 5.065 4.583 0 3.14-1.744 5.483-4.317 5.483-.863 0-1.675-.466-1.954-.996 0 0-.464 1.843-.562 2.198-.17.617-.5 1.234-.805 1.714.72.212 1.48.328 2.267.328 4.418 0 8-3.582 8-8s-3.582-8-8-8\"/></svg>\n","svg/social/rss":"<svg width=\"16\" height=\"16\" viewBox=\"0 0 32 32\" xmlns=\"http://www.w3.org/2000/svg\"><title>RSS</title><path d=\"M-.465 2.01S28.7.574 31 31.32h-5.89S26.26 8.907-.466 6.895V2.01zm0 10.203s17.098-.577 20.402 19.107h-5.89S13.33 19.684-.465 17.094v-4.88zm3.2 12.817c2.063 0 3.737 1.67 3.737 3.737 0 2.06-1.674 3.735-3.736 3.735C.672 32.502-1 30.83-1 28.767c0-2.065 1.672-3.737 3.736-3.737z\"/></svg>\n","svg/social/stumbleupon":"<svg width=\"16\" height=\"16\" viewBox=\"0 0 32 32\" xmlns=\"http://www.w3.org/2000/svg\"><title>StumbleUpon</title><path d=\"M32 16c0 8.837-7.163 16-16 16S0 24.837 0 16 7.163 0 16 0s16 7.163 16 16zM15.997 9c-2.22 0-4.022 1.794-4.022 4.008v5.696c0 .524-.427.95-.953.95s-.952-.426-.952-.95v-2.532H7v2.637c0 2.213 1.8 4.007 4.022 4.007 2.222 0 4.022-1.794 4.022-4.008v-5.802c0-.524.427-.95.953-.95s.953.426.953.95v1.16l1.27.58 1.8-.58v-1.16c0-2.214-1.8-4.008-4.023-4.008zm.953 7.225v2.584c0 2.213 1.8 4.007 4.022 4.007 2.22 0 4.022-1.794 4.022-4.008v-2.532h-3.07v2.53c0 .526-.426.95-.952.95s-.953-.424-.953-.95v-2.583l-1.8.58-1.27-.58z\"/></svg>\n","svg/social/tumblr":"<svg width=\"16\" height=\"16\" viewBox=\"0 0 32 32\" xmlns=\"http://www.w3.org/2000/svg\"><title>Tumblr</title><path d=\"M23.853 25.56c-.595.283-1.733.53-2.583.552-2.56.07-3.058-1.8-3.08-3.155v-9.962h6.426V8.15h-6.402V0h-4.688c-.077 0-.212.067-.23.24C13.022 2.733 11.853 7.11 7 8.86v4.133h3.24v10.457c0 3.58 2.64 8.665 9.61 8.546 2.35-.04 4.963-1.026 5.542-1.874l-1.54-4.565\"/></svg>\n","svg/social/twitter":"<svg width=\"18\" height=\"14\" viewBox=\"0 0 18 14\" xmlns=\"http://www.w3.org/2000/svg\"><title>twitter</title><path d=\"M17.228 1.657c-.633.28-1.315.472-2.03.557.73-.437 1.29-1.13 1.554-1.955-.683.403-1.438.698-2.245.855C13.863.43 12.944 0 11.927 0c-1.95 0-3.533 1.583-3.533 3.534 0 .277.03.546.09.805C5.548 4.19 2.945 2.785 1.2.644.894 1.17.72 1.777.72 2.425c0 1.224.625 2.306 1.573 2.94-.578-.017-1.124-.178-1.6-.44v.043c0 1.713 1.217 3.142 2.835 3.465-.296.083-.61.125-.93.125-.23 0-.45-.02-.667-.063.45 1.404 1.756 2.426 3.303 2.453-1.21.95-2.734 1.514-4.39 1.514-.285 0-.567-.016-.843-.05C1.564 13.416 3.423 14 5.418 14c6.502 0 10.056-5.385 10.056-10.055 0-.154-.003-.308-.01-.458.692-.5 1.292-1.12 1.764-1.83\"/></svg>\n","svg/social/youtube":"<svg width=\"20\" height=\"14\" viewBox=\"0 0 20 14\" xmlns=\"http://www.w3.org/2000/svg\"><title>youtube</title><path d=\"M19.937 10.564V3.436S19.937 0 16.502 0H3.435S0 0 0 3.436v7.128S0 14 3.435 14h13.067s3.435 0 3.435-3.436M13.84 7.01L7.31 10.843V3.176L13.84 7.01\"/></svg>\n","svg/visa":"<svg xmlns=\"http://www.w3.org/2000/svg\" width=\"49\" height=\"32\" viewBox=\"0 0 49 32\" ><path d=\"M14.06 10.283h4.24l-6.303 15.472-4.236.003-3.258-12.33c2.318.953 4.38 3.023 5.22 5.276l.42 2.148zm3.356 15.488l2.503-15.5h4l-2.503 15.5h-4.002zm14.576-9.276c2.31 1.106 3.375 2.444 3.362 4.21C35.322 23.923 32.59 26 28.384 26c-1.796-.02-3.526-.394-4.46-.826l.56-3.47.516.247c1.316.58 2.167.815 3.77.815 1.15 0 2.384-.476 2.395-1.514.007-.678-.517-1.164-2.077-1.923-1.518-.74-3.53-1.983-3.505-4.21.024-3.013 2.81-5.117 6.765-5.117 1.55 0 2.795.34 3.586.65l-.542 3.36-.36-.177c-.74-.314-1.686-.617-2.994-.595-1.568 0-2.293.69-2.293 1.333-.01.73.848 1.205 2.246 1.924zm14.207-6.21l3.238 15.49h-3.714s-.368-1.78-.488-2.32c-.583 0-4.667-.01-5.125-.01-.155.42-.84 2.332-.84 2.332h-4.205L41.01 11.57c.418-1.01 1.137-1.284 2.096-1.284H46.2zm-4.937 9.99h3.322l-.927-4.474-.27-1.337c-.202.58-.554 1.52-.53 1.48 0 0-1.263 3.44-1.595 4.33zm-31.54-1.572C8.075 14.13 4.44 11.712 0 10.592l.053-.32h6.453c.87.033 1.573.325 1.815 1.307z\"/></svg>\n"}
