{"components/category/shop-by-price":"{{#if shop_by_price}}\n  <div class=\"sidebar-block shop-by-price facet-list\" data-facet-filter>\n    {{> components/common/facet-toggle title=(lang 'category.shop_by_price')}}\n    <ul class=\"facet-list-items is-open\" data-facet-filter-wrapper>\n      {{#each shop_by_price}}\n        <li class=\"facet-item\">\n          <a class=\"{{#if selected }}is-active{{/if}}\" href=\"{{url}}\" alt=\"{{low.formatted}} - {{high.formatted}}\">{{low.formatted}} - {{high.formatted}}</a>\n        </li>\n      {{/each}}\n    </ul>\n    {{#any shop_by_price selected=true}}\n      <a href=\"{{category_url}}\" class=\"link facet-remove\">\n        {{lang 'category.reset'}}\n      </a>\n    {{/any}}\n  </div>\n{{/if}}\n","components/category/sidebar":"{{> components/category/subcategory-brand-list list=category.subcategories title=(lang 'category.sub_categories')}}\n\n{{#if category.faceted_search_enabled}}\n  <span class=\"link faceted-search-toggle\" data-faceted-search-toggle data-show-text=\"{{lang 'faceted_search.show'}}\" data-hide-text=\"{{lang 'faceted_search.hide'}}\">\n  </span>\n  <div class=\"faceted-search\" data-faceted-search>\n    {{#each category.facets}}\n      {{#if visible}}\n        {{#if items.length}}\n          <div class=\"facet-list {{display}}\" data-facet-filter>\n\n            {{> components/common/facet-toggle title=title}}\n\n            {{{dynamicComponent 'components/faceted-search/facets'}}}\n\n            {{#if remove_url}}\n              <a class=\"link facet-remove\" href=\"{{remove_url}}\" data-faceted-search-facet data-facet-remove>{{lang 'faceted_search.clear'}}</a>\n            {{/if}}\n          </div>\n        {{/if}}\n        {{#compare facet 'price'}}\n          <div class=\"facet-list {{display}}\" data-facet-filter>\n\n            {{> components/common/facet-toggle title=title}}\n\n            {{{dynamicComponent 'components/faceted-search/facets'}}}\n\n            {{#if remove_url}}\n              <a class=\"link facet-remove\" href=\"{{remove_url}}\" data-faceted-search-facet data-facet-remove>{{lang 'faceted_search.clear'}}</a>\n            {{/if}}\n          </div>\n        {{/compare}}\n      {{/if}}\n    {{/each}}\n  </div>\n{{else}}\n  {{> components/category/shop-by-price shop_by_price=category.shop_by_price category_url=category.url}}\n{{/if}}\n","components/category/subcategory-brand-list":"{{!\r\n    @param list\r\n           Brands / Categories\r\n\r\n    @param title\r\n           List title\r\n\r\n}}\r\n\r\n{{#if list}}\r\n  <div class=\"category-nav facet-list\" data-facet-filter>\r\n    {{> components/common/facet-toggle title=title}}\r\n    <ul class=\"category-nav-list facet-list-items is-open\" data-facet-filter-wrapper>\r\n      {{#each list}}\r\n        <li class=\"facet-item\">\r\n            \r\n                    <a href=\"{{url}}\">{{name}}</a>\r\n        </li>\r\n      {{/each}}\r\n    </ul>\r\n  </div>\r\n{{/if}}\r\n","components/common/facet-toggle":"{{!\n  @param title\n         The title of the faceted list to toggle.\n}}\n\n<h5 class=\"facet-list-title {{#unless start_collapsed}}is-open{{/unless}}\" data-facet-toggle>\n  {{title}}\n  <span class=\"facet-list-toggle\">\n    <svg class=\"icon icon-chevron-down\"><use xlink:href=\"#icon-chevron-down\" /></svg>\n  </span>\n</h5>\n","components/faceted-search/facets/hierarchy":"<ul class=\"facet-list-items {{#if selected}}is-open{{/if}} {{#unless start_collapsed}}is-open{{/unless}}\" data-count=\"{{items_count}}\" data-facet-filter-wrapper>\n  {{#each items}}\n    <li class=\"facet-item\" data-facet-item>\n      <a href=\"{{url}}\" rel=\"nofollow\" data-faceted-search-facet>\n        {{title}}\n        {{#if ../show_product_counts}}<span class=\"facet-item-count\" data-facet-item-count>({{count}})</span>{{/if}}\n      </a>\n    </li>\n  {{/each}}\n</ul>\n","components/faceted-search/facets/multi":"<ul class=\"facet-list-items {{#if selected}}is-open{{/if}} {{#unless start_collapsed}}is-open{{/unless}} {{#if items_count '<' total_items}}has-additional-filters{{/if}}\" data-count=\"{{items_count}}\" data-facet-filter-wrapper>\n  {{#each items}}\n    <li class=\"facet-item {{#if @index '>=' 5}}hidden{{/if}} {{#if selected}}selected-facet{{/if}}\" data-facet-item>\n      <a href=\"{{url}}\" rel=\"nofollow\" data-faceted-search-facet>\n        {{title}}\n        {{#if ../show_product_counts}}<span class=\"facet-item-count\" data-facet-item-count>({{count}})</span>{{/if}}\n      </a>\n    </li>\n  {{/each}}\n\n  {{#if total_items \">\" 5}}\n    <li>\n      <a class=\"facet-toggle-more\" href=\"#\" data-facet-more>\n        {{lang 'faceted_search.show_more'}}\n        <svg class=\"icon icon-arrow-down\"><use xlink:href=\"#icon-arrow-down\" /></svg>\n      </a>\n    </li>\n  {{/if}}\n</ul>\n","components/faceted-search/facets/range":"<div class=\"facet-list-items\" data-facet-filter-wrapper>\n  <form class=\"facet-price {{#if selected}}is-open{{/if}} {{#unless start_collapsed}}is-open{{/unless}}\" method=\"get\" data-faceted-search-range data-validated-form>\n    {{#each current_selected_items}}\n      <input type=\"hidden\" name=\"{{param_name}}\" value=\"{{param_value}}\"/>\n    {{/each}}\n\n    <div class=\"form-field\">\n      <input\n        class=\"form-input form-input-short\"\n        name=\"min_price\"\n        min=\"0\"\n        type=\"number\"\n        value=\"{{min_price}}\"\n        placeholder=\"{{lang 'faceted_search.min_price'}}\"\n        required\n      />\n    </div>\n\n    <div class=\"form-field\">\n      <input\n        class=\"form-input form-input-short\"\n        name=\"max_price\"\n        min=\"0\"\n        type=\"number\"\n        value=\"{{max_price}}\"\n        placeholder=\"{{lang 'faceted_search.max_price'}}\"\n        required\n      />\n    </div>\n\n    <div class=\"form-actions\">\n      <button class=\"button button-short\" type=\"submit\">\n        {{lang 'faceted_search.submit'}}\n      </button>\n    </div>\n\n  </form>\n</div>\n","components/faceted-search/facets/rating":"<ul class=\"facet-list-items {{#if selected}}is-open{{/if}} {{#unless start_collapsed}}is-open{{/unless}}\" data-facet-filter-wrapper>\n  <li class=\"product-item-rating\" data-facet-item>\n    {{#for 1 4 items}}\n\n      {{#each this}}\n        {{#if param_value '==' ../$index}}\n          <a class=\"product-item-rating-facet {{#if ../selected '==' true}}full{{/if}}\" href=\"{{url}}\" rel=\"nofollow\" data-faceted-search-facet data-rating=\"{{lang 'faceted_search.stars' num=param_value}}\">\n        {{/if}}\n      {{/each}}\n\n      <svg class=\"icon icon-star \"><use xlink:href=\"#icon-star\" /></svg>\n\n      {{#each this}}\n        {{#if param_value '==' ../$index}}\n          </a>\n        {{/if}}\n      {{/each}}\n\n    {{/for}}\n\n    {{#each items}}\n      {{#if selected '==' true}}\n        <span class=\"selected-rating\">{{lang 'faceted_search.stars' num=param_value}}</span>\n      {{/if}}\n    {{/each}}\n  </li>\n</ul>\n"}
