{"components/common/main-navigation-pages":"{{#each pages}}\n  <li class=\"main-nav-item nav-page {{#if children}}dropdown{{/if}}\">\n    <a class=\"top-level-nav-link pages\" href=\"{{url}}\">\n      <span>{{name}}</span>\n      {{#if children}}\n        <span class=\"dropdown-toggle\">\n          <svg class=\"icon icon-arrow-down\"><use xlink:href=\"#icon-arrow-down\" /></svg>\n        </span>\n      {{/if}}\n    </a>\n    {{#if children}}\n      <ul class=\"dropdown-panel\">\n        {{#each children}}\n          <li>\n            <a href=\"{{url}}\">{{name}}</a>\n            {{#if children}}\n              <ul>\n                {{#each children}}\n                  <li><a href=\"{{url}}\">{{name}}</a></li>\n                {{/each}}\n              </ul>\n            {{/if}}\n          </li>\n        {{/each}}\n      </ul>\n    {{/if}}\n  </li>\n{{/each}}\n","components/common/mega-nav-variant":"<div class=\"navigation-container\">\n  <div class=\"container\">\n    <section class=\"navigation-root-container\">\n      <ul class=\"navigation-root-list\">\n        {{#each nav_items}}\n          <li class=\"navigation-root-item\" {{#if children}}data-child-category-id=\"{{id}}\" data-navigation-root-item{{/if}}>\n            <a href=\"{{url}}\">{{name}}</a>\n          </li>\n        {{/each}}\n      </ul>\n    </section>\n    <section class=\"navigation-child-container\">\n      {{#each nav_items}}\n        {{#if children}}\n          <div class=\"navigation-child-list-container\" data-parent-category-id=\"{{id}}\">\n            <h1 class=\"navigation-child-list-header\">{{name}}</h1>\n            <div class=\"navigation-child-list-inner\">\n              <ul class=\"navigation-child-list\">\n                <li class=\"navigation-child-item\"><a href=\"{{url}}\">{{lang 'common.navigation_all' name=name}}</a></li>\n                {{#each children}}\n                  {{#if children}}\n                    <li class=\"navigation-child-item\" data-child-category-id=\"{{id}}\" data-find-child>\n                      <a href=\"#\">{{name}}</a><span class=\"child-item-arrow\"><svg width=\"10\" height=\"9\" class=\"icon icon-arrow-down\"><use xlink:href=\"#icon-arrow-down\" /></svg></span>\n                    </li>\n                  {{else}}\n                    <li class=\"navigation-child-item\"><a href=\"{{url}}\">{{name}}</a></li>\n                  {{/if}}\n                {{/each}}\n              </ul>\n            </div>\n          </div>\n          {{> components/common/mega-nav-variant-child-recursive}}\n        {{/if}}\n      {{/each}}\n    </section>\n  </div>\n</div>\n","components/common/mega-nav-variant-child-recursive":"{{#each children}}\n  {{#if children}}\n    <div class=\"navigation-child-list-container\" data-parent-category-id=\"{{id}}\">\n      <span class=\"child-list-back\" data-find-parent>\n        <svg width=\"10\" height=\"9\" class=\"icon icon-arrow-down\"><use xlink:href=\"#icon-arrow-down\" /></svg>\n        <a href=\"#\">Back</a>\n      </span>\n      <h1 class=\"navigation-child-list-header\">{{name}}</h1>\n      <div class=\"navigation-child-list-inner\">\n        <ul class=\"navigation-child-list\">\n          <li class=\"navigation-child-item\"><a href=\"{{url}}\">{{lang 'common.navigation_all' name=name}}</a></li>\n          {{#each children}}\n            {{#if children}}\n              <li class=\"navigation-child-item\" data-child-category-id=\"{{id}}\" data-find-child>\n                <a href=\"#\">{{name}}</a><span class=\"child-item-arrow\"><svg width=\"10\" height=\"9\" class=\"icon icon-arrow-down\"><use xlink:href=\"#icon-arrow-down\" /></svg></span>\n              </li>\n            {{else}}\n              <li class=\"navigation-child-item\"><a href=\"{{url}}\">{{name}}</a></li>\n            {{/if}}\n          {{/each}}\n        </ul>\n      </div>\n    </div>\n    {{> components/common/mega-nav-variant-child-recursive}}\n  {{/if}}\n{{/each}}\n","components/common/navigation-mega":"{{!\r\n  @param nav_items\r\n         > either \"pages\" or \"categories\", passed from parent template\r\n}}\r\n\r\n{{#each nav_items}}\r\n  <li class=\"parent {{#if children}}has-children{{/if}}\">\r\n    <a class=\"{{#if image}}has-image{{/if}}\" href=\"{{url}}\">{{name}}</a>\r\n    {{#unless ../theme_settings.meganav-show-top-level-only}}\r\n      {{#if children}}\r\n      \r\n       <div class=\"children-menu-image\">\r\n          <div class=\"cat_menu_title\"> <a href=\"{{url}}\">{{name}}</a></div>\r\n           \r\n        <ul class=\"children\">\r\n          {{#each children}}\r\n            <li>\r\n              <a class=\"{{#if image}}has-image{{/if}}\" href=\"{{url}}\">{{name}}</a>\r\n              {{#if children}}\r\n                <ul>\r\n                  {{#each children}}\r\n                    <li><a href=\"{{url}}\">{{name}}</a></li>\r\n                  {{/each}}\r\n                </ul>\r\n              {{/if}}\r\n            </li>\r\n          {{/each}}\r\n        </ul>\r\n         <div class=\"category-image-container-new\">\r\n         <div class=\"category-image-new\" style=\"background-image: url({{getImage image 'product'}});\">\r\n           <img class=\"sr-only\" src=\"{{getImage image 'product'}}\" alt=\"{{image.alt}}\" />\r\n           \r\n        </div>\r\n    </div>\r\n        </div>\r\n      {{/if}}\r\n    {{/unless}}\r\n    \r\n   \r\n    \r\n    \r\n    \r\n    \r\n  </li>\r\n{{/each}}\r\n","components/common/search-form":"{{{snippet 'forms_search'}}}\n\n<form class=\"search-form\" action=\"/search.php\" data-validated-form>\n  <div class=\"form-field\">\n    <input class=\"search-input form-input form-input-short\" name=\"search_query\" placeholder=\"{{lang 'header.search'}}\" required>\n  </div>\n  <button class=\"button-search-submit\" type=\"submit\">\n    <svg class=\"icon icon-search\"><use xlink:href=\"#icon-search\" /></svg>\n  </button>\n</form>\n","components/common/site-branding":"<a class=\"site-branding-link\" href=\"{{urls.home}}\">\n  {{# if settings.store_logo.image }}\n    <img class=\"site-branding-logo\" src=\"{{getImage settings.store_logo.image 'blog-thumb'}}\" alt=\"{{settings.store_logo.title}}\">\n  {{else}}\n    <a href=\"{{urls.home}}\">\n      <span class=\"site-branding-title\">{{settings.store_logo.title}}</span>\n    </a>\n  {{/if}}\n</a>\n","components/header/account-button":"{{#if customer}}\n  <div class=\"dropdown dropdown-account\">\n    <a class=\"top-bar-button dropdown-toggle\" href=\"#\">\n      <svg class=\"icon icon-account\"><use xlink:href=\"#icon-account\" /></svg>\n    </a>\n    <div class=\"dropdown-panel dropdown-panel-tooltip\">\n      <a class=\"account-link\" href=\"{{urls.account.index}}\">account</a>\n      <a class=\"account-link\" href=\"{{urls.auth.logout}}\">logout</a>\n    </div>\n  </div>\n{{else}}\n  <a class=\"top-bar-button\" href=\"{{urls.auth.login}}\">\n    <svg class=\"icon icon-account\"><use xlink:href=\"#icon-account\" /></svg>\n  </a>\n{{/if}}\n","components/header/alert-messages":"{{#each product.reviews.messages}}\n  {{#if error}}\n    {{> core/alerts/alert-error message=error dismissable=true}}\n  {{/if}}\n  {{#if success}}\n    {{> core/alerts/alert-success message=success dismissable=true}}\n  {{/if}}\n{{/each}}\n\n{{#if cart.status_messages}}\n  {{#each cart.status_messages}}\n    {{#if type '==' 0}}\n      {{> core/alerts/alert-error message=message dismissable=true}}\n    {{/if}}\n\n    {{#if type '==' 1}}\n      {{> core/alerts/alert-success message=message dismissable=true}}\n    {{/if}}\n\n    {{#if type '==' 3}}\n      {{> core/alerts/alert-error message=message dismissable=true}}\n    {{/if}}\n  {{/each}}\n{{/if}}\n\n{{#if shipping_messages}}\n  {{#each shipping_messages}}\n    {{> core/alerts/alert-info message=message dismissable=true}}\n  {{/each}}\n{{/if}}\n\n{{#if cart.status_messages}}\n  {{#each cart.status_messages}}\n    {{#if type '==' 2}}\n      {{> core/alerts/alert-info message=message dismissable=true}}\n    {{/if}}\n  {{/each}}\n{{/if}}\n\n{{#if product.shipping_messages}}\n  {{#each product.shipping_messages}}\n    {{> core/alerts/alert-info message=message dismissable=true}}\n  {{/each}}\n{{/if}}\n","components/header/category-image":"<div class=\"category-image\" style=\"background-image: url({{getImage image 'product'}});\">\n  <img class=\"sr-only\" src=\"{{getImage image 'product'}}\" alt=\"{{image.alt}}\" />\n  <a class=\"category-link\" href=\"{{url}}\">\n    <span class=\"category-cta\">{{lang 'header.category_image_text' category_name=name}}</span>\n  </a>\n</div>\n","components/header/compare-list":"<div data-compare-widget class=\"compare-wrap custom-util dropdown\">\n  <button class=\"top-bar-button button-compare-toggle dropdown-toggle\">\n    {{lang 'header.compare'}}\n    <span class=\"compare-items-count\"></span>\n  </button>\n  <div class=\"compare-tab dropdown-panel dropdown-panel-tooltip\" data-compare-tab>\n    <ul class=\"compare-items-list\" data-compare-items-wrapper data-compare-items></ul>\n    <div class=\"compare-tab-lower\">\n      <a href=\"{{urls.compare}}\" data-compare-link=\"{{urls.compare}}\" class=\"button button-primary compare-submit\" data-compare-text=\"{{lang 'compare.compare_submit'}}\" data-add-more-text=\"{{lang 'compare.add_more'}}\"></a>\n    </div>\n  </div>\n</div>\n","components/header/currency-selector":"{{#if currency_selector.currencies.length \">\" 1}}\n  <div class=\"currency-selector customer-util\" data-currency-selector>\n    <span class=\"form-selected-text\" data-currency-selector-toggle>\n      {{currency_selector.active_currency_code}}\n    </span>\n    <i class=\"icon icon-arrow-down\"></i>\n    <select class=\"currencies\">\n      {{#each currency_selector.currencies}}\n        <option value=\"{{{switch_url}}}\" {{#if is_active}}selected{{/if}} data-value=\"{{currency-code}}\">\n          {{name}}\n        </option>\n      {{/each}}\n    </select>\n  </div>\n{{/if}}\n","components/header/customer-utils":"{{> components/header/compare-list}}\n\n{{> components/header/currency-selector}}\n\n{{#if settings.account_creation_enabled}}\n  <div class=\"customer-links customer-util\">\n    {{> components/header/account-button}}\n  </div>\n{{/if}}\n\n{{#if settings.show_wishlist}}\n  {{#if customer}}\n    <a class=\"top-bar-button button-wishlist customer-util\" href=\"{{urls.account.wishlists.all}}\">\n      <svg class=\"icon icon-wishlist\"><use xlink:href=\"#icon-wishlist\" /></svg>\n    </a>\n  {{/if}}\n{{/if}}\n\n<div class=\"mini-cart-wrap dropdown customer-util logo-align-center\">\n  {{> components/mini-cart/mini-cart }}\n</div>\n","components/header/header":"<header class=\"site-header\" role=\"banner\">\r\n    \r\n{{#if customer}}\r\n    {{#or (if customer.customer_group_id '===' '2') (if customer.customer_group_id '===' '4') (if customer.customer_group_id '===' '5') }}\r\n    \t <div class=\"top-bar-customer\">Notice: Free Shipping Ends 10/1/23</div>\r\n      {{/or}}\r\n{{/if}}\r\n\r\n  <div class=\"site-alerts\" data-alerts>\r\n    {{> components/header/alert-messages}}\r\n  </div>\r\n  <section class=\"top-bar logo-align-{{theme_settings.header-logo-alignment}}\">\r\n    <div class=\"container\">\r\n\r\n      <a href=\"{{urls.compare}}\" data-compare-link=\"{{urls.compare}}\" class=\"mobile-compare-link button-compare-toggle\">\r\n        {{lang 'compare.compare_submit'}}\r\n        <span class=\"compare-items-count\"></span>\r\n      </a>\r\n\r\n      {{> components/header/header-top-bar alignment=theme_settings.header-logo-alignment}}\r\n    </div>\r\n  </section>\r\n\r\n  <section class=\"main-nav-bar\">\r\n    <div class=\"container\">\r\n    \r\n\r\n      <nav class=\"navigation\">\r\n                   <!--    <div ID=\"product_msg2\"></div> -->\r\n\r\n        <!-- ul>\r\n          {{#if theme_settings.global-show-home-in-nav}}\r\n            <li class=\"main-nav-item\"><a class=\"top-level-nav-link\" href=\"{{urls.home}}\">{{lang 'header.home_nav_item'}}</a></li>\r\n          {{/if}}\r\n          <li class=\"main-nav-item dropdown mega-nav\">\r\n            <a class=\"dropdown-toggle top-level-nav-link\" href=\"#\">\r\n              {{lang 'header.shop_nav_item'}}\r\n              <svg class=\"icon icon-arrow-down\"><use xlink:href=\"#icon-arrow-down\" /></svg>\r\n            </a>\r\n            <div class=\"dropdown-panel mega-nav-panel {{#unless theme_settings.meganav-show-category-images}}no-images{{/unless}}{{#if theme_settings.meganav-use-variant}} variant{{/if}}\">\r\n              {{#if theme_settings.meganav-use-variant}}\r\n                {{> components/common/mega-nav-variant nav_items=categories}}\r\n              {{else}}\r\n                <div class=\"container  {{#if theme_settings.meganav-use-fullwidth}}full-width{{/if}}\">\r\n                  <ul class=\"mega-nav-list\">\r\n                    {{> components/common/navigation-mega nav_items=categories}}\r\n                  </ul>\r\n                  {{#if theme_settings.meganav-show-category-images}}\r\n                    <div class=\"category-image-container\">\r\n                      {{#each categories}}\r\n                        {{#if image}}\r\n                          {{> components/header/category-image}}\r\n                        {{/if}}\r\n                        {{#each children}}\r\n                          {{#if image}}\r\n                            {{> components/header/category-image}}\r\n                          {{/if}}\r\n                        {{/each}}\r\n                      {{/each}}\r\n                    </div>\r\n                  {{/if}}\r\n                </div>\r\n              {{/if}}\r\n            </div>\r\n          </li>\r\n        </ul-->\r\n        \r\n       \r\n                  \r\n                  \r\n        <ul class=\"mega-nav-list custom_menu_desing\">\r\n            {{> components/common/navigation-mega nav_items=categories}}\r\n        </ul>   \r\n                  \r\n                  \r\n      </nav>\r\n      <div class=\"customer-utils\">\r\n        {{> components/header/customer-utils}}\r\n      </div>\r\n    </div>\r\n  </section>\r\n  \r\n\r\n</header>\r\n","components/header/header-top-bar":"{{#if alignment '===' 'left'}}\n  {{> components/header/header-top-bar-left-align}}\n{{/if}}\n\n{{#if alignment '===' 'center'}}\n  {{> components/header/header-top-bar-center-align}}\n{{/if}}\n\n{{#if alignment '===' 'right'}}\n  {{> components/header/header-top-bar-right-align}}\n{{/if}}\n","components/header/header-top-bar-center-align":"<div class=\"top-bar-left\">\n  <div class=\"search-wrap search-compressed\">\n    {{> components/common/search-form}}\n  </div>\n</div>\n\n<div class=\"top-bar-center\">\n  {{> components/common/site-branding}}\n</div>\n\n<div class=\"top-bar-right\">\n  <div class=\"customer-utils\">\n    {{> components/header/customer-utils}}\n  </div>\n</div>\n\n<button class=\"top-bar-button button-mobile-nav-toggle\">\n  <i class=\"burger\"></i>\n</button>\n","components/header/header-top-bar-left-align":"<div class=\"top-bar-left\">\r\n  {{> components/common/site-branding}}\r\n</div>\r\n\r\n<div class=\"top-bar-right\">\r\n    <ul class=\"page_menu_top\">          {{> components/common/main-navigation-pages}}\r\n</ul>\r\n\r\n<div class=\"header_phone_other\">\r\n    <div class=\"header_phone\"><a class=\"site-phone-number\" href=\"tel:{{settings.phone_number}}\">{{settings.phone_number}}</a></div>\r\n  <div class=\"other_icon\">\r\n  <div class=\"search-wrap search-compressed\">\r\n    {{> components/common/search-form}}\r\n  </div>\r\n  <div class=\"customer-utils\">\r\n    {{> components/header/customer-utils}}\r\n  </div>\r\n</div>\r\n</div>\r\n</div>\r\n<button class=\"top-bar-button button-mobile-nav-toggle\">\r\n  <i class=\"burger\"></i>\r\n</button>\r\n","components/header/header-top-bar-right-align":"<button class=\"top-bar-button button-mobile-nav-toggle\">\n  <i class=\"burger\"></i>\n</button>\n\n<div class=\"top-bar-left\">\n  <div class=\"search-wrap search-compressed\">\n    {{> components/common/search-form}}\n  </div>\n  <div class=\"customer-utils\">\n    {{> components/header/customer-utils}}\n  </div>\n</div>\n\n<div class=\"top-bar-right\">\n  {{> components/common/site-branding}}\n</div>\n","components/mini-cart/mini-cart":"<button class=\"top-bar-button button-cart-toggle dropdown-toggle\">\n  <svg class=\"icon icon-cart\"><use xlink:href=\"#icon-cart\" /></svg>\n  <span class=\"icon-cart-count {{#if cart.quantity '>' 0}}show{{/if}}\"><span class=\"number\">{{cart.quantity}}</span></span>\n</button>\n<div class=\"dropdown-panel dropdown-panel-tooltip mini-cart\">\n  <div class=\"mini-cart-inner\">\n    <div class=\"mini-cart-contents\">\n      {{> components/mini-cart/mini-cart-contents}}\n    </div>\n  </div>\n</div>\n\n","components/mini-cart/mini-cart-contents":"{{#each cart.items}}\n  <div class=\"mini-cart-item\">\n    <div class=\"mini-cart-item-wrap\">\n      {{#if type '==' 'GiftCertificate'}}\n        <a href=\"{{edit_url}}\">\n          {{> svg/giftcard}}\n        </a>\n      {{else}}\n        <a href=\"{{url}}\">\n          <div class=\"mini-cart-item-thumb\" style=\"background-image: url({{getImage image 'thumb' (cdn ../theme_settings.default-product-image)}})\"></div>\n          <img class=\"sr-only\" src=\"{{getImage image 'thumb' (cdn ../theme_settings.default-product-image)}}\" alt=\"{{image.alt}}\" />\n        </a>\n      {{/if}}\n      <div class=\"mini-cart-item-description\">\n        <a href=\"{{url}}\" class=\"mini-cart-item-title\">{{name}}</a>\n        {{#if options}}\n          <div class=\"product-option\">\n            {{#each options}}\n              <span class=\"option-label\">{{value}}</span>\n            {{/each}}\n          </div>\n        {{/if}}\n        <span class=\"mini-cart-item-price\">{{price.formatted}} &times; {{quantity}}</span>\n      </div>\n      <a class=\"mini-cart-item-remove\" data-cart-item-remove data-product-id=\"{{id}}\" href=\"{{remove_url}}\">\n        <svg class=\"icon icon-close\"><use xlink:href=\"#icon-close\" /></svg>\n      </a>\n    </div>\n  </div>\n{{/each}}\n\n<footer class=\"mini-cart-footer\">\n  {{#if cart.items.length}}\n    <span class=\"cart-count sr-only\">{{cart.quantity}}</span>\n    <h4 class=\"mini-cart-footer-title\">\n      <span>{{lang 'mini_cart.subtotal'}}</span>\n      <span class=\"mini-cart-subtotal\">{{cart.sub_total.formatted}}</span>\n    </h4>\n    <div class=\"mini-cart-actions\">\n      <a class=\"button button-secondary\" href=\"{{urls.cart}}\">{{lang 'mini_cart.view_cart'}}</a>\n      <a class=\"button\" href=\"{{urls.checkout.single_address}}\">{{lang 'mini_cart.checkout'}}</a>\n    </div>\n  {{else}}\n    <p class=\"mini-cart-empty\">{{lang 'mini_cart.empty'}}</p>\n  {{/if}}\n</footer>\n","core/alerts/alert-error":"<div class=\"alert alert-error\">\n  {{#if dismissable}}<a class=\"alert-dismiss\">&times;</a>{{/if}}\n\n  <div class=\"alert-message\">\n    {{#if message}}\n      {{{message}}}\n    {{else}}\n      {{{this}}}\n    {{/if}}\n  </div>\n</div>\n","core/alerts/alert-info":"<div class=\"alert alert-info\">\n  {{#if dismissable}}<a class=\"alert-dismiss\">&times;</a>{{/if}}\n\n  <div class=\"alert-message\">\n    {{#if message}}\n      {{{message}}}\n    {{else}}\n      {{{this}}}\n    {{/if}}\n  </div>\n</div>\n","core/alerts/alert-success":"<div class=\"alert alert-success\">\n  {{#if dismissable}}<a class=\"alert-dismiss\">&times;</a>{{/if}}\n\n  <div class=\"alert-message\">\n    {{#if message}}\n      {{{message}}}\n    {{else}}\n      {{{this}}}\n    {{/if}}\n  </div>\n</div>\n","svg/giftcard":"<svg class=\"giftcard-image\" version=\"1.1\" id=\"Layer_1\" xmlns=\"http://www.w3.org/2000/svg\" xmlns:xlink=\"http://www.w3.org/1999/xlink\" x=\"0px\" y=\"0px\"\n   viewBox=\"0 0 100 81.9\" style=\"enable-background:new 0 0 100 81.9;\" xml:space=\"preserve\">\n  <path style=\"fill:currentColor\" d=\"M77.4,0.3L5.8,21.1c-4.3,1.2-6.7,5.7-5.5,10l12.3,42.3c1.2,4.3,5.7,6.7,10,5.5l71.6-20.8\n    c4.3-1.2,6.7-5.7,5.5-10L87.4,5.8C86.2,1.5,81.7-0.9,77.4,0.3z M84.1,6.8l2.6,8.8L48.1,26.8c-0.7-2.2-1.8-5.4-3.2-7.6\n    c0,0-7.6,1.7-11,5.6l-2.2-7.6L78.4,3.6C80.8,2.9,83.4,4.3,84.1,6.8z M6.8,24.5l17.4-5.1l2.4,8.1c-5.1-0.3-11.4,3.9-11.4,3.9\n    c0.4,1.5,1,3,1.6,4.5L6.2,39l-2.6-8.8C2.9,27.7,4.3,25.2,6.8,24.5z M15.9,72.5l-7.6-26l17.1-5c-0.8,2.5-2,5.5-3.6,9.1l5.2,9.4\n    c0,0,2.5-7.1,4.7-14.7l7.3,25.3l-17.4,5.1C19.2,76.3,16.6,74.9,15.9,72.5z M93.3,54.8L46.5,68.4l-8.3-28.5C45.9,46,55,52.5,55,52.5\n    L53,42c-3.4-2.3-6.2-4.3-8.4-6l44.3-12.9l7.6,26C97.1,51.5,95.7,54.1,93.3,54.8z\"/>\n  <ellipse style=\"fill:currentColor\" cx=\"53.6\" cy=\"79.3\" rx=\"41.3\" ry=\"2.6\"/>\n</svg>\n"}
