{"components/common/facet-toggle":"{{!\n  @param title\n         The title of the faceted list to toggle.\n}}\n\n<h5 class=\"facet-list-title {{#unless start_collapsed}}is-open{{/unless}}\" data-facet-toggle>\n  {{title}}\n  <span class=\"facet-list-toggle\">\n    <svg class=\"icon icon-chevron-down\"><use xlink:href=\"#icon-chevron-down\" /></svg>\n  </span>\n</h5>\n","components/faceted-search/facets/hierarchy":"<ul class=\"facet-list-items {{#if selected}}is-open{{/if}} {{#unless start_collapsed}}is-open{{/unless}}\" data-count=\"{{items_count}}\" data-facet-filter-wrapper>\n  {{#each items}}\n    <li class=\"facet-item\" data-facet-item>\n      <a href=\"{{url}}\" rel=\"nofollow\" data-faceted-search-facet>\n        {{title}}\n        {{#if ../show_product_counts}}<span class=\"facet-item-count\" data-facet-item-count>({{count}})</span>{{/if}}\n      </a>\n    </li>\n  {{/each}}\n</ul>\n","components/faceted-search/facets/multi":"<ul class=\"facet-list-items {{#if selected}}is-open{{/if}} {{#unless start_collapsed}}is-open{{/unless}} {{#if items_count '<' total_items}}has-additional-filters{{/if}}\" data-count=\"{{items_count}}\" data-facet-filter-wrapper>\n  {{#each items}}\n    <li class=\"facet-item {{#if @index '>=' 5}}hidden{{/if}} {{#if selected}}selected-facet{{/if}}\" data-facet-item>\n      <a href=\"{{url}}\" rel=\"nofollow\" data-faceted-search-facet>\n        {{title}}\n        {{#if ../show_product_counts}}<span class=\"facet-item-count\" data-facet-item-count>({{count}})</span>{{/if}}\n      </a>\n    </li>\n  {{/each}}\n\n  {{#if total_items \">\" 5}}\n    <li>\n      <a class=\"facet-toggle-more\" href=\"#\" data-facet-more>\n        {{lang 'faceted_search.show_more'}}\n        <svg class=\"icon icon-arrow-down\"><use xlink:href=\"#icon-arrow-down\" /></svg>\n      </a>\n    </li>\n  {{/if}}\n</ul>\n","components/faceted-search/facets/range":"<div class=\"facet-list-items\" data-facet-filter-wrapper>\n  <form class=\"facet-price {{#if selected}}is-open{{/if}} {{#unless start_collapsed}}is-open{{/unless}}\" method=\"get\" data-faceted-search-range data-validated-form>\n    {{#each current_selected_items}}\n      <input type=\"hidden\" name=\"{{param_name}}\" value=\"{{param_value}}\"/>\n    {{/each}}\n\n    <div class=\"form-field\">\n      <input\n        class=\"form-input form-input-short\"\n        name=\"min_price\"\n        min=\"0\"\n        type=\"number\"\n        value=\"{{min_price}}\"\n        placeholder=\"{{lang 'faceted_search.min_price'}}\"\n        required\n      />\n    </div>\n\n    <div class=\"form-field\">\n      <input\n        class=\"form-input form-input-short\"\n        name=\"max_price\"\n        min=\"0\"\n        type=\"number\"\n        value=\"{{max_price}}\"\n        placeholder=\"{{lang 'faceted_search.max_price'}}\"\n        required\n      />\n    </div>\n\n    <div class=\"form-actions\">\n      <button class=\"button button-short\" type=\"submit\">\n        {{lang 'faceted_search.submit'}}\n      </button>\n    </div>\n\n  </form>\n</div>\n","components/faceted-search/facets/rating":"<ul class=\"facet-list-items {{#if selected}}is-open{{/if}} {{#unless start_collapsed}}is-open{{/unless}}\" data-facet-filter-wrapper>\n  <li class=\"product-item-rating\" data-facet-item>\n    {{#for 1 4 items}}\n\n      {{#each this}}\n        {{#if param_value '==' ../$index}}\n          <a class=\"product-item-rating-facet {{#if ../selected '==' true}}full{{/if}}\" href=\"{{url}}\" rel=\"nofollow\" data-faceted-search-facet data-rating=\"{{lang 'faceted_search.stars' num=param_value}}\">\n        {{/if}}\n      {{/each}}\n\n      <svg class=\"icon icon-star \"><use xlink:href=\"#icon-star\" /></svg>\n\n      {{#each this}}\n        {{#if param_value '==' ../$index}}\n          </a>\n        {{/if}}\n      {{/each}}\n\n    {{/for}}\n\n    {{#each items}}\n      {{#if selected '==' true}}\n        <span class=\"selected-rating\">{{lang 'faceted_search.stars' num=param_value}}</span>\n      {{/if}}\n    {{/each}}\n  </li>\n</ul>\n","components/search/sidebar":"{{#if product_results.products}}\n  {{#if product_results.faceted_search_enabled}}\n    <span class=\"link faceted-search-toggle\" data-faceted-search-toggle data-show-text=\"{{lang 'faceted_search.show'}}\" data-hide-text=\"{{lang 'faceted_search.hide'}}\">\n    </span>\n    <div class=\"faceted-search\" data-faceted-search>\n      {{#each product_results.facets}}\n        {{#if visible}}\n          {{#if items.length}}\n            <div class=\"facet-list {{display}}\" data-facet-filter>\n\n              {{> components/common/facet-toggle title=title}}\n\n              {{{dynamicComponent 'components/faceted-search/facets'}}}\n\n              {{#if remove_url}}\n                <a class=\"link facet-remove\" href=\"{{remove_url}}\" data-faceted-search-facet data-facet-remove>{{lang 'faceted_search.clear'}}</a>\n              {{/if}}\n            </div>\n          {{/if}}\n          {{#compare facet 'price'}}\n            <div class=\"facet-list {{display}}\" data-facet-filter>\n\n              {{> components/common/facet-toggle title=title}}\n\n              {{{dynamicComponent 'components/faceted-search/facets'}}}\n\n              {{#if remove_url}}\n                <a class=\"link facet-remove\" href=\"{{remove_url}}\" data-faceted-search-facet data-facet-remove>{{lang 'faceted_search.clear'}}</a>\n              {{/if}}\n            </div>\n          {{/compare}}\n        {{/if}}\n      {{/each}}\n    </div>\n  {{/if}}\n{{else}}\n  {{#if categories}}\n    <div class=\"category-nav\">\n      <h5 class=\"category-nav-heading\">{{lang 'category.label'}}</h5>\n      <ul class=\"category-nav-list\">\n        {{#each categories}}\n          <li class=\"category-nav-list-item\">\n            <a href=\"{{url}}\">{{name}}</a>\n            {{#if children}}\n              <ul class=\"category-nav-list\">\n                {{#each children}}\n                  <li class=\"category-nav-list-item\">\n                    <a href=\"{{url}}\">{{name}}</a>\n                  </li>\n                {{/each}}\n              </ul>\n            {{/if}}\n          </li>\n        {{/each}}\n      </ul>\n    </div>\n  {{/if}}\n{{/if}}\n"}
