{"core/structured-data/product":"{{!-- Product: include in product.html page template --}}\n\n{{inject 'productDescription' product.description}}\n<script id=\"schema-product\">\n  var description = JSON.parse({{jsContext}}).productDescription;\n\n  var schema = document.createElement('script');\n  schema.type = 'application/ld+json';\n  schema.text = JSON.stringify({\n    \"@context\": \"http://schema.org/\",\n    \"@type\": \"Product\",\n    \"name\": \"{{product.title}}\",\n    \"image\": \"{{getImage product.main_image}}\",\n    \"description\": description,\n    \"sku\": \"{{product.sku}}\",\n    \"brand\": {\n      \"@type\": \"Thing\",\n      \"name\": \"{{product.brand.name}}\"\n    },\n    {{#if product.reviews.list}}\n      \"aggregateRating\": {\n        \"@type\": \"AggregateRating\",\n        \"ratingValue\": \"{{product.rating}}\",\n        \"reviewCount\": \"{{product.num_reviews}}\"\n      },\n    {{/if}}\n    \"offers\": {\n      \"@type\": \"Offer\",\n      \"priceCurrency\": \"{{currency_selector.active_currency_code}}\",\n      \"price\": \"{{#if product.price.without_tax}}{{product.price.without_tax.value}}{{/if}}{{#if product.price.with_tax}}{{#unless product.price.without_tax}}{{product.price.with_tax.value}}{{/unless}}{{/if}}\",\n      \"itemCondition\": \"{{#if product.condition '===' 'New'}}http://schema.org/NewCondition{{/if}}{{#if product.condition '===' 'Used'}}http://schema.org/UsedCondition{{/if}}{{#if product.condition '===' 'Refurbished'}}http://schema.org/RefurbishedCondition{{/if}}\",\n      \"availability\": \"{{#unless product.out_of_stock_message}}http://schema.org/InStock{{else}}http://schema.org/OutOfStock{{/unless}}\",\n      \"seller\": {\n        \"@type\": \"Organization\",\n        \"name\": \"{{settings.store_name}}\"\n      }\n    }\n  });\n\n  document.querySelector('body').appendChild(schema);\n\n  var script = document.getElementById('schema-product');\n  script.parentElement.removeChild(script);\n</script>\n"}
