{"components/blog/post":"<article class=\"blog {{#if show_tags}}{{#if post.tags}}blog--has-tags{{/if}}{{/if}} {{#unless hide_social_icons}}blog--has-socials{{/unless}}\">\n    <div class=\"blog-post-figure\">\n        {{#if post.thumbnail}}\n            <figure class=\"blog-thumbnail\">\n                <a href=\"{{post.url}}\">\n                    <img src=\"{{getImage post.thumbnail 'blog_size'}}\" alt=\"{{post.thumbnail.alt}}\" title=\"{{post.thumbnail.alt}}\">\n                </a>\n            </figure>\n\n            \n            {{#if post.tags}}\n                {{#each (limit post.tags 1)}}\n                <div class=\"first-tag\">\n                    <a href=\"{{url}}\">#{{name}}</a>\n                </div>\n                {{/each}}\n            {{/if}}\n        {{/if}}\n    </div>\n\n    <div class=\"blog-post-body\">\n        <header class=\"blog-header\">\n            <div class=\"blog-date\">{{post.date_published}}{{#if post.author}} | {{lang 'blog.posted_by' name=post.author}}{{/if}}</div>\n            <h2 class=\"blog-title\">\n                <a href=\"{{post.url}}\">{{post.title}}</a>\n            </h2>\n        </header>\n\n        <div class=\"blog-post\">\n            {{#if post.body}}\n                {{{post.body}}}\n            {{else}}\n                {{#unless hide_content}}\n                    {{post.summary}}\n                    {{#if post.show_read_more}}\n                        &hellip; \n                    {{/if}}\n                {{/unless}}\n                {{#if post.show_read_more}}\n                    <div class=\"blog-readmore\"><a href=\"{{url}}\">read more</a></div>\n                {{/if}}\n            {{/if}}\n        </div>\n\n        {{#if show_tags}}\n            {{#if post.tags}}\n                <ul class=\"tags\">\n                    {{#each post.tags}}\n                    <li class=\"tag\">\n                        <a href=\"{{url}}\">#{{name}}</a>\n                    </li>\n                    {{/each}}\n                </ul>\n            {{/if}}\n        {{/if}}\n\n        {{#unless hide_social_icons}}\n            {{>components/common/share}}\n        {{/unless}}\n\n    </div>\n</article>\n","components/carousel":"<section class=\"heroCarousel {{#if theme_settings.homepage_stretch_carousel_images}}heroCarousel--stretch{{/if}}\"\n    data-slick='{\n        \"dots\": true,\n        \"mobileFirst\": true,\n        \"slidesToShow\": 1,\n        \"slidesToScroll\": 1,\n        \"autoplay\": true,\n        \"autoplaySpeed\": {{carousel.swap_frequency}}\n    }'>\n    {{#each carousel.slides}}\n    <div class=\"heroCarousel-slide {{#if ../theme_settings.homepage_stretch_carousel_images}}heroCarousel-slide--stretch{{/if}} heroCarousel-slide--{{@index}}\"\n        style=\"background-image: url({{image}})\">\n        <a href=\"{{url}}\">\n            <img class=\"heroCarousel-image\" src=\"{{image}}\" alt=\"{{alt_text}}\" title=\"{{alt_text}}\"/>\n            {{#if heading}}\n                {{> components/carousel-content show_background=true}}\n            {{else}}\n                {{#if text}}\n                    {{> components/carousel-content show_background=true}}\n                {{else}}\n                    {{#if button_text}}\n                        {{> components/carousel-content show_background=false}}\n                    {{/if}}\n                {{/if}}\n            {{/if}}\n        </a>\n    </div>\n    {{/each}}\n</section>\n","components/carousel-content":"<div class=\"heroCarousel-content{{#unless show_background}} heroCarousel-content--empty{{/unless}}\">\n    <h3 class=\"heroCarousel-title\">{{heading}}</h3>\n    <p class=\"heroCarousel-description\">{{text}}</p>\n    {{#if button_text}}\n        <span class=\"heroCarousel-action button button--primary button--large\">{{button_text}}</span>\n    {{/if}}\n</div>\n","components/common/login-for-pricing":"<p translate>Log in for pricing</p>\n","components/common/share":"{{#if settings.add_this.buttons}}\n    <div class=\"addthis_toolbox addthis_32x32_style\" addthis:url=\"{{url}}\"\n         addthis:title=\"{{title}}\">\n        <ul class=\"socialLinks\">\n            {{#each settings.add_this.buttons}}\n                <li class=\"socialLinks-item socialLinks-item--{{service}}\">\n                    <a class=\"addthis_button_{{service}} icon icon--{{service}}\" {{{annotation}}}>\n                        {{#if service '===' 'google_plusone'}}\n                            <!-- No custom icons allowed with g+ -->\n                        {{/if}}\n\n                        {{#if service '===' 'facebook'}}\n                            <svg>\n                                <use xlink:href=\"#icon-facebook\"/>\n                            </svg>\n                        {{/if}}\n\n                        {{#if service '===' 'email'}}\n                            <svg>\n                                <use xlink:href=\"#icon-envelope\"/>\n                            </svg>\n                        {{/if}}\n\n                        {{#if service '===' 'print'}}\n                            <svg>\n                                <use xlink:href=\"#icon-print\"/>\n                            </svg>\n                        {{/if}}\n\n                        {{#if service '===' 'twitter'}}\n                            <svg>\n                                <use xlink:href=\"#icon-twitter\"/>\n                            </svg>\n                        {{/if}}\n\n                        {{#if service '===' 'linkedin'}}\n                            <svg>\n                                <use xlink:href=\"#icon-linkedin\"/>\n                            </svg>\n                        {{/if}}\n\n                        {{#if service '===' 'google'}}\n                            <svg>\n                                <use xlink:href=\"#icon-google\"/>\n                            </svg>\n                        {{/if}}\n\n                        {{#if service '===' 'pinterest'}}\n                            <svg>\n                                <use xlink:href=\"#icon-pinterest\"/>\n                            </svg>\n                        {{/if}}\n\n                        {{#if service '===' 'facebook_like'}}\n                            <svg>\n                                <use xlink:href=\"#icon-facebook_like\"/>\n                            </svg>\n                        {{/if}}\n                    </a>\n                </li>\n            {{/each}}\n        </ul>\n        <script type=\"text/javascript\"\n                src=\"//s7.addthis.com/js/300/addthis_widget.js#pubid=ra-4e94ed470ee51e32\"></script>\n        <script>\n            if (typeof(addthis) === \"object\") {\n                addthis.toolbox('.addthis_toolbox');\n            }\n        </script>\n    </div>\n{{/if}}\n","components/emthemes-modez/banners/banner":"\n<div class=\"emthemesModez-banner {{#if style}}emthemesModez-banner--{{style}}{{/if}} {{#if style2}}emthemesModez-banner--{{style2}}{{/if}}\">\n\t{{#if image '!=' ''}}{{#if image '!=' ' '}}\n\t<figure class=\"emthemesModez-banner-figure\">\n\t\t<a href=\"{{url}}\"><img class=\"emthemesModez-banner-image\" src=\"{{image}}\" alt=\"{{title}}\" title=\"{{title}}\" /></a>\n\t</figure>\n\t{{/if}}{{/if}}\n\t<figcaption class=\"emthemesModez-banner-figcaption\">\n\t\t<div class=\"emthemesModez-banner-figcaption-body\">\n\t\t\t{{#if title '!=' ''}}{{#if title '!=' ' '}}\n\t\t\t<h4 class=\"emthemesModez-banner-figcaption-title\">{{title}}</h4>\n\t\t\t{{/if}}{{/if}}\n\n\t\t\t{{#if text '!=' ''}}{{#if text '!=' ' '}}\n\t\t\t<div class=\"emthemesModez-banner-figcaption-text\">{{text}}</div>\n\t\t\t{{/if}}{{/if}}\n\n\t\t\t{{#if button '!=' ''}}{{#if button '!=' ' '}}\n\t\t\t<a href=\"{{url}}\" class=\"button button--primary button--small emthemesModez-banner-figcaption-button\">{{button}}</a>\n\t\t\t{{/if}}{{/if}}\n\t\t</div>\n\t</figcaption>\n</div>\n","components/emthemes-modez/banners/half":"<div class=\"emthemesModez-bannersContainer \n\t\t\temthemesModez-bannersContainer--half \n\t\t\temthemesModez-bannersContainer--half-{{index}} \n\t\t\t{{#if style}}emthemesModez-bannersContainer--half-{{style}}{{/if}}\">\n\n\t{{> components/emthemes-modez/banners/banner\n\t\turl=(lang (concat (concat \"emthemesmodez.banners.half_\" index) \".banner1.url\"))\n\t\timage=(lang (concat (concat \"emthemesmodez.banners.half_\" index) \".banner1.image\"))\n\t\ttitle=(lang (concat (concat \"emthemesmodez.banners.half_\" index) \".banner1.title\"))\n\t\ttext=(lang (concat (concat \"emthemesmodez.banners.half_\" index) \".banner1.text\"))\n\t\tbutton=(lang (concat (concat \"emthemesmodez.banners.half_\" index) \".banner1.button\"))\n\t\tstyle=style\n\t}}\n\n\t{{> components/emthemes-modez/banners/banner\n\t\turl=(lang (concat (concat \"emthemesmodez.banners.half_\" index) \".banner2.url\"))\n\t\timage=(lang (concat (concat \"emthemesmodez.banners.half_\" index) \".banner2.image\"))\n\t\ttitle=(lang (concat (concat \"emthemesmodez.banners.half_\" index) \".banner2.title\"))\n\t\ttext=(lang (concat (concat \"emthemesmodez.banners.half_\" index) \".banner2.text\"))\n\t\tbutton=(lang (concat (concat \"emthemesmodez.banners.half_\" index) \".banner2.button\"))\n\t\tstyle=style\n\t}}\n\n</div>\n","components/emthemes-modez/banners/laparis1":"<div class=\"emthemesModez-bannersContainer emthemesModez-bannersContainer--laparis1\">\n\n\t{{> components/emthemes-modez/banners/laparis1-item\n\t\turl=(lang (concat (concat \"emthemesmodez.banners.laparis1_\" index) \".banner1.url\"))\n\t\timage=(lang (concat (concat \"emthemesmodez.banners.laparis1_\" index) \".banner1.image\"))\n\t\ttitle=(lang (concat (concat \"emthemesmodez.banners.laparis1_\" index) \".banner1.title\"))\n\t\ttext=(lang (concat (concat \"emthemesmodez.banners.laparis1_\" index) \".banner1.text\"))\n\t\tbutton=(lang (concat (concat \"emthemesmodez.banners.laparis1_\" index) \".banner1.button\"))\n\t}}\n\n\t{{> components/emthemes-modez/banners/laparis1-item\n\t\turl=(lang (concat (concat \"emthemesmodez.banners.laparis1_\" index) \".banner2.url\"))\n\t\timage=(lang (concat (concat \"emthemesmodez.banners.laparis1_\" index) \".banner2.image\"))\n\t\ttitle=(lang (concat (concat \"emthemesmodez.banners.laparis1_\" index) \".banner2.title\"))\n\t\ttext=(lang (concat (concat \"emthemesmodez.banners.laparis1_\" index) \".banner2.text\"))\n\t\tbutton=(lang (concat (concat \"emthemesmodez.banners.laparis1_\" index) \".banner2.button\"))\n\t}}\n\n\t{{> components/emthemes-modez/banners/laparis1-item\n\t\turl=(lang (concat (concat \"emthemesmodez.banners.laparis1_\" index) \".banner3.url\"))\n\t\timage=(lang (concat (concat \"emthemesmodez.banners.laparis1_\" index) \".banner3.image\"))\n\t\ttitle=(lang (concat (concat \"emthemesmodez.banners.laparis1_\" index) \".banner3.title\"))\n\t\ttext=(lang (concat (concat \"emthemesmodez.banners.laparis1_\" index) \".banner3.text\"))\n\t\tbutton=(lang (concat (concat \"emthemesmodez.banners.laparis1_\" index) \".banner3.button\"))\n\t}}\n\n\n</div>\n","components/emthemes-modez/banners/laparis1-item":"<div class=\"emthemesModez-banner emthemesModez-banner--laparis1\">\n\t<figure class=\"emthemesModez-banner-figure\">\n\t\t<a href=\"{{url}}\"><img class=\"emthemesModez-banner-image\" src=\"{{image}}\" alt=\"{{title}}\" title=\"{{title}}\" /></a>\n\t</figure>\n\t<figcaption class=\"emthemesModez-banner-figcaption\">\n\t\t<div class=\"emthemesModez-banner-figcaption-body\">\n\t\t\t<h4 class=\"emthemesModez-banner-figcaption-title\">{{title}}</h4>\n\t\t\t<div class=\"emthemesModez-banner-figcaption-text\">{{text}}</div>\n\t\t\t<a href=\"{{url}}\" class=\"button button--primary emthemesModez-banner-figcaption-button\">{{button}}</a>\n\t\t</div>\n\t</figcaption>\n</div>\n","components/emthemes-modez/banners/laparis2":"{{!\n===============================================================================\n2 Banners appear at first row on Home 03\n===============================================================================\n}}\n\n<div class=\"emthemesModez-bannersContainer emthemesModez-bannersContainer--laparis2\">\n\n\t{{> components/emthemes-modez/banners/laparis2-item\n\t\turl=(lang (concat (concat \"emthemesmodez.banners.laparis2_\" index) \".banner1.url\"))\n\t\timage=(lang (concat (concat \"emthemesmodez.banners.laparis2_\" index) \".banner1.image\"))\n\t\ttitle=(lang (concat (concat \"emthemesmodez.banners.laparis2_\" index) \".banner1.title\"))\n\t\ttext=(lang (concat (concat \"emthemesmodez.banners.laparis2_\" index) \".banner1.text\"))\n\t\tbutton=(lang (concat (concat \"emthemesmodez.banners.laparis2_\" index) \".banner1.button\"))\n\t}}\n\n\t{{> components/emthemes-modez/banners/laparis2-item\n\t\turl=(lang (concat (concat \"emthemesmodez.banners.laparis2_\" index) \".banner2.url\"))\n\t\timage=(lang (concat (concat \"emthemesmodez.banners.laparis2_\" index) \".banner2.image\"))\n\t\ttitle=(lang (concat (concat \"emthemesmodez.banners.laparis2_\" index) \".banner2.title\"))\n\t\ttext=(lang (concat (concat \"emthemesmodez.banners.laparis2_\" index) \".banner2.text\"))\n\t\tbutton=(lang (concat (concat \"emthemesmodez.banners.laparis2_\" index) \".banner2.button\"))\n\t}}\n\n</div>\n","components/emthemes-modez/banners/laparis2-item":"<div class=\"emthemesModez-banner emthemesModez-banner--laparis2\">\n\t<figure class=\"emthemesModez-banner-figure\">\n\t\t<a href=\"{{url}}\"><img class=\"emthemesModez-banner-image\" src=\"{{image}}\" alt=\"{{title}}\" title=\"{{title}}\" /></a>\n\t</figure>\n\t<figcaption class=\"emthemesModez-banner-figcaption\">\n\t\t<div class=\"emthemesModez-banner-figcaption-body\">\n\n\t\t\t{{#if title '!=' ''}}{{#if title '!=' ' '}}\t\t\t\n\t\t\t<h4 class=\"emthemesModez-banner-figcaption-title\">{{{title}}}</h4>\n\t\t\t{{/if}}{{/if}}\n\n\t\t\t{{#if text '!=' ''}}{{#if text '!=' ' '}}\t\t\t\n\t\t\t<div class=\"emthemesModez-banner-figcaption-text\">{{{text}}}</div>\n\t\t\t{{/if}}{{/if}}\n\n\t\t\t{{#if button '!=' ''}}{{#if button '!=' ' '}}\n\t\t\t<a href=\"{{url}}\" class=\"button button--primary emthemesModez-banner-figcaption-button\">{{{button}}}</a>\n\t\t\t{{/if}}{{/if}}\n\t\t</div>\n\t</figcaption>\n</div>\n","components/emthemes-modez/banners/laparis3":"{{!\n===============================================================================\n3 Banners appear at second row on Home 03\n===============================================================================\n}}\n\n<div class=\"emthemesModez-bannersContainer emthemesModez-bannersContainer--laparis3\">\n\n\t{{> components/emthemes-modez/banners/laparis3-item\n\t\turl=(lang (concat (concat \"emthemesmodez.banners.laparis3_\" index) \".banner1.url\"))\n\t\timage=(lang (concat (concat \"emthemesmodez.banners.laparis3_\" index) \".banner1.image\"))\n\t\ttitle=(lang (concat (concat \"emthemesmodez.banners.laparis3_\" index) \".banner1.title\"))\n\t\ttext=(lang (concat (concat \"emthemesmodez.banners.laparis3_\" index) \".banner1.text\"))\n\t\tbutton=(lang (concat (concat \"emthemesmodez.banners.laparis3_\" index) \".banner1.button\"))\n\t}}\n\n\t{{> components/emthemes-modez/banners/laparis3-item\n\t\turl=(lang (concat (concat \"emthemesmodez.banners.laparis3_\" index) \".banner2.url\"))\n\t\timage=(lang (concat (concat \"emthemesmodez.banners.laparis3_\" index) \".banner2.image\"))\n\t\ttitle=(lang (concat (concat \"emthemesmodez.banners.laparis3_\" index) \".banner2.title\"))\n\t\ttext=(lang (concat (concat \"emthemesmodez.banners.laparis3_\" index) \".banner2.text\"))\n\t\tbutton=(lang (concat (concat \"emthemesmodez.banners.laparis3_\" index) \".banner2.button\"))\n\t}}\n\n\t{{> components/emthemes-modez/banners/laparis3-item\n\t\turl=(lang (concat (concat \"emthemesmodez.banners.laparis3_\" index) \".banner3.url\"))\n\t\timage=(lang (concat (concat \"emthemesmodez.banners.laparis3_\" index) \".banner3.image\"))\n\t\ttitle=(lang (concat (concat \"emthemesmodez.banners.laparis3_\" index) \".banner3.title\"))\n\t\ttext=(lang (concat (concat \"emthemesmodez.banners.laparis3_\" index) \".banner3.text\"))\n\t\tbutton=(lang (concat (concat \"emthemesmodez.banners.laparis3_\" index) \".banner3.button\"))\n\t}}\n\n\n</div>\n","components/emthemes-modez/banners/laparis3-item":"<div class=\"emthemesModez-banner emthemesModez-banner--laparis3\">\n\t<figure class=\"emthemesModez-banner-figure\">\n\t\t<a href=\"{{url}}\"><img class=\"emthemesModez-banner-image\" src=\"{{image}}\" alt=\"{{title}}\" title=\"{{title}}\" /></a>\n\t</figure>\n\t<figcaption class=\"emthemesModez-banner-figcaption\">\n\t\t<div class=\"emthemesModez-banner-figcaption-body\">\n\n\t\t\t{{#if title '!=' ''}}{{#if title '!=' ' '}}\t\t\t\n\t\t\t<h4 class=\"emthemesModez-banner-figcaption-title\">{{{title}}}</h4>\n\t\t\t{{/if}}{{/if}}\n\n\t\t\t{{#if text '!=' ''}}{{#if text '!=' ' '}}\t\t\t\n\t\t\t<div class=\"emthemesModez-banner-figcaption-text\">{{{text}}}</div>\n\t\t\t{{/if}}{{/if}}\n\n\t\t\t{{#if button '!=' ''}}{{#if button '!=' ' '}}\n\t\t\t<a href=\"{{url}}\" class=\"button button--primary emthemesModez-banner-figcaption-button\">{{{button}}}</a>\n\t\t\t{{/if}}{{/if}}\n\t\t</div>\n\t</figcaption>\n</div>\n","components/emthemes-modez/banners/laparis4":"{{!\n===============================================================================\nLarge banner appear at third row on Home 03\n===============================================================================\n}}\n\n<div class=\"emthemesModez-bannersContainer emthemesModez-bannersContainer--laparis4\">\n\n\t{{> components/emthemes-modez/banners/laparis4-item\n\t\turl=(lang (concat (concat \"emthemesmodez.banners.laparis4_\" index) \".banner.url\"))\n\t\timage=(lang (concat (concat \"emthemesmodez.banners.laparis4_\" index) \".banner.image\"))\n\t\ttitle=(lang (concat (concat \"emthemesmodez.banners.laparis4_\" index) \".banner.title\"))\n\t\ttext=(lang (concat (concat \"emthemesmodez.banners.laparis4_\" index) \".banner.text\"))\n\t\tbutton=(lang (concat (concat \"emthemesmodez.banners.laparis4_\" index) \".banner.button\"))\n\t}}\n\n</div>\n","components/emthemes-modez/banners/laparis4-item":"<div class=\"emthemesModez-banner emthemesModez-banner--laparis4\">\n\t<figure class=\"emthemesModez-banner-figure\">\n\t\t<a href=\"{{url}}\"><img class=\"emthemesModez-banner-image\" src=\"{{image}}\" alt=\"{{title}}\" title=\"{{title}}\" /></a>\n\t</figure>\n\t<figcaption class=\"emthemesModez-banner-figcaption\">\n\t\t<div class=\"emthemesModez-banner-figcaption-body\">\n\n\t\t\t{{#if title '!=' ''}}{{#if title '!=' ' '}}\t\t\t\n\t\t\t<h4 class=\"emthemesModez-banner-figcaption-title\">{{{title}}}</h4>\n\t\t\t{{/if}}{{/if}}\n\n\t\t\t{{#if text '!=' ''}}{{#if text '!=' ' '}}\t\t\t\n\t\t\t<div class=\"emthemesModez-banner-figcaption-text\">{{{text}}}</div>\n\t\t\t{{/if}}{{/if}}\n\n\t\t\t{{#if button '!=' ''}}{{#if button '!=' ' '}}\n\t\t\t<a href=\"{{url}}\" class=\"button button--primary emthemesModez-banner-figcaption-button\">{{{button}}}</a>\n\t\t\t{{/if}}{{/if}}\n\t\t</div>\n\t</figcaption>\n</div>\n","components/emthemes-modez/banners/laparis5":"{{!\n===============================================================================\n2 Banners appear at first row on Home 04\n===============================================================================\n}}\n\n<div class=\"emthemesModez-bannersContainer emthemesModez-bannersContainer--laparis5\">\n\n\t{{> components/emthemes-modez/banners/laparis5-item\n\t\turl=(lang (concat (concat \"emthemesmodez.banners.laparis5_\" index) \".banner1.url\"))\n\t\timage=(lang (concat (concat \"emthemesmodez.banners.laparis5_\" index) \".banner1.image\"))\n\t\ttitle=(lang (concat (concat \"emthemesmodez.banners.laparis5_\" index) \".banner1.title\"))\n\t\ttext=(lang (concat (concat \"emthemesmodez.banners.laparis5_\" index) \".banner1.text\"))\n\t\tbutton=(lang (concat (concat \"emthemesmodez.banners.laparis5_\" index) \".banner1.button\"))\n\t}}\n\n\t{{> components/emthemes-modez/banners/laparis5-item\n\t\turl=(lang (concat (concat \"emthemesmodez.banners.laparis5_\" index) \".banner2.url\"))\n\t\timage=(lang (concat (concat \"emthemesmodez.banners.laparis5_\" index) \".banner2.image\"))\n\t\ttitle=(lang (concat (concat \"emthemesmodez.banners.laparis5_\" index) \".banner2.title\"))\n\t\ttext=(lang (concat (concat \"emthemesmodez.banners.laparis5_\" index) \".banner2.text\"))\n\t\tbutton=(lang (concat (concat \"emthemesmodez.banners.laparis5_\" index) \".banner2.button\"))\n\t}}\n\n</div>\n","components/emthemes-modez/banners/laparis5-item":"{{#if image}}{{#if image '!=' ' '}}\n<div class=\"emthemesModez-banner emthemesModez-banner--laparis5 {{#if style}}emthemesModez-banner--laparis5-{{style}}{{/if}}\">\n\t<figure class=\"emthemesModez-banner-figure\">\n\t\t<a href=\"{{url}}\"><img class=\"emthemesModez-banner-image\" src=\"{{image}}\" alt=\"{{title}}\" title=\"{{title}}\" /></a>\n\t</figure>\n\t<figcaption class=\"emthemesModez-banner-figcaption\">\n\t\t<div class=\"emthemesModez-banner-figcaption-body\">\n\n\t\t\t{{#if title '!=' ''}}{{#if title '!=' ' '}}\t\t\t\n\t\t\t<h4 class=\"emthemesModez-banner-figcaption-title\"><div class=\"emthemesModez-banner-textBg\">{{{title}}}</div></h4>\n\t\t\t{{/if}}{{/if}}\n\n\t\t\t{{#if text '!=' ''}}{{#if text '!=' ' '}}\t\t\t\n\t\t\t<div class=\"emthemesModez-banner-figcaption-text\"><div class=\"emthemesModez-banner-textBg\">{{{text}}}</div></div>\n\t\t\t{{/if}}{{/if}}\n\n\t\t\t{{#if button '!=' ''}}{{#if button '!=' ' '}}\n\t\t\t<a href=\"{{url}}\" class=\"button button--primary emthemesModez-banner-figcaption-button\">{{{button}}}</a>\n\t\t\t{{/if}}{{/if}}\n\t\t</div>\n\t</figcaption>\n</div>\n{{/if}}{{/if}}\n","components/emthemes-modez/banners/one":"<div class=\"emthemesModez-bannersContainer \n\t\t\temthemesModez-bannersContainer--one \n\t\t\temthemesModez-bannersContainer--one-{{index}} \n\t\t\t{{#if style}}emthemesModez-bannersContainer--one-{{style}}{{/if}}\">\n\n\t{{> components/emthemes-modez/banners/banner\n\t\turl=(lang (concat (concat \"emthemesmodez.banners.one_\" index) \".banner.url\"))\n\t\timage=(lang (concat (concat \"emthemesmodez.banners.one_\" index) \".banner.image\"))\n\t\ttitle=(lang (concat (concat \"emthemesmodez.banners.one_\" index) \".banner.title\"))\n\t\ttext=(lang (concat (concat \"emthemesmodez.banners.one_\" index) \".banner.text\"))\n\t\tbutton=(lang (concat (concat \"emthemesmodez.banners.one_\" index) \".banner.button\"))\n\t\tstyle=style\n\t}}\n\n</div>\n","components/emthemes-modez/banners/onethird-x3":"<div class=\"emthemesModez-bannersContainer emthemesModez-bannersContainer--onethird-x3\">\n\n\t{{> components/emthemes-modez/banners/banner\n\t\turl=(lang (concat (concat \"emthemesmodez.banners.onethird_x3_\" index) \".banner1.url\"))\n\t\timage=(lang (concat (concat \"emthemesmodez.banners.onethird_x3_\" index) \".banner1.image\"))\n\t\ttitle=(lang (concat (concat \"emthemesmodez.banners.onethird_x3_\" index) \".banner1.title\"))\n\t\ttext=(lang (concat (concat \"emthemesmodez.banners.onethird_x3_\" index) \".banner1.text\"))\n\t\tbutton=(lang (concat (concat \"emthemesmodez.banners.onethird_x3_\" index) \".banner1.button\"))\n\t}}\n\n\t{{> components/emthemes-modez/banners/banner\n\t\turl=(lang (concat (concat \"emthemesmodez.banners.onethird_x3_\" index) \".banner2.url\"))\n\t\timage=(lang (concat (concat \"emthemesmodez.banners.onethird_x3_\" index) \".banner2.image\"))\n\t\ttitle=(lang (concat (concat \"emthemesmodez.banners.onethird_x3_\" index) \".banner2.title\"))\n\t\ttext=(lang (concat (concat \"emthemesmodez.banners.onethird_x3_\" index) \".banner2.text\"))\n\t\tbutton=(lang (concat (concat \"emthemesmodez.banners.onethird_x3_\" index) \".banner2.button\"))\n\t}}\n\n\t{{> components/emthemes-modez/banners/banner\n\t\turl=(lang (concat (concat \"emthemesmodez.banners.onethird_x3_\" index) \".banner3.url\"))\n\t\timage=(lang (concat (concat \"emthemesmodez.banners.onethird_x3_\" index) \".banner3.image\"))\n\t\ttitle=(lang (concat (concat \"emthemesmodez.banners.onethird_x3_\" index) \".banner3.title\"))\n\t\ttext=(lang (concat (concat \"emthemesmodez.banners.onethird_x3_\" index) \".banner3.text\"))\n\t\tbutton=(lang (concat (concat \"emthemesmodez.banners.onethird_x3_\" index) \".banner3.button\"))\n\t}}\n\n</div>\n","components/emthemes-modez/banners/quarter":"<div class=\"emthemesModez-bannersContainer \n\t\t\temthemesModez-bannersContainer--quarter \n\t\t\temthemesModez-bannersContainer--quarter-{{index}} \n\t\t\t{{#if style}}emthemesModez-bannersContainer--quarter-{{style}}{{/if}}\">\n\n\t{{> components/emthemes-modez/banners/banner\n\t\turl=(lang (concat (concat \"emthemesmodez.banners.quarter_\" index) \".banner1.url\"))\n\t\timage=(lang (concat (concat \"emthemesmodez.banners.quarter_\" index) \".banner1.image\"))\n\t\ttitle=(lang (concat (concat \"emthemesmodez.banners.quarter_\" index) \".banner1.title\"))\n\t\ttext=(lang (concat (concat \"emthemesmodez.banners.quarter_\" index) \".banner1.text\"))\n\t\tbutton=(lang (concat (concat \"emthemesmodez.banners.quarter_\" index) \".banner1.button\"))\n\t\tstyle=style\n\t}}\n\n\t{{> components/emthemes-modez/banners/banner\n\t\turl=(lang (concat (concat \"emthemesmodez.banners.quarter_\" index) \".banner2.url\"))\n\t\timage=(lang (concat (concat \"emthemesmodez.banners.quarter_\" index) \".banner2.image\"))\n\t\ttitle=(lang (concat (concat \"emthemesmodez.banners.quarter_\" index) \".banner2.title\"))\n\t\ttext=(lang (concat (concat \"emthemesmodez.banners.quarter_\" index) \".banner2.text\"))\n\t\tbutton=(lang (concat (concat \"emthemesmodez.banners.quarter_\" index) \".banner2.button\"))\n\t\tstyle=style\n\t}}\n\n\t{{> components/emthemes-modez/banners/banner\n\t\turl=(lang (concat (concat \"emthemesmodez.banners.quarter_\" index) \".banner3.url\"))\n\t\timage=(lang (concat (concat \"emthemesmodez.banners.quarter_\" index) \".banner3.image\"))\n\t\ttitle=(lang (concat (concat \"emthemesmodez.banners.quarter_\" index) \".banner3.title\"))\n\t\ttext=(lang (concat (concat \"emthemesmodez.banners.quarter_\" index) \".banner3.text\"))\n\t\tbutton=(lang (concat (concat \"emthemesmodez.banners.quarter_\" index) \".banner3.button\"))\n\t\tstyle=style\n\t}}\n\n\t{{> components/emthemes-modez/banners/banner\n\t\turl=(lang (concat (concat \"emthemesmodez.banners.quarter_\" index) \".banner4.url\"))\n\t\timage=(lang (concat (concat \"emthemesmodez.banners.quarter_\" index) \".banner4.image\"))\n\t\ttitle=(lang (concat (concat \"emthemesmodez.banners.quarter_\" index) \".banner4.title\"))\n\t\ttext=(lang (concat (concat \"emthemesmodez.banners.quarter_\" index) \".banner4.text\"))\n\t\tbutton=(lang (concat (concat \"emthemesmodez.banners.quarter_\" index) \".banner4.button\"))\n\t\tstyle=style\n\t}}\n\n</div>\n","components/emthemes-modez/banners/twothird-onethird":"<div class=\"emthemesModez-bannersContainer emthemesModez-bannersContainer--twothird-onethird\">\n\n\t{{> components/emthemes-modez/banners/banner\n\t\turl=(lang (concat (concat \"emthemesmodez.banners.twothird_onethird_\" index) \".banner1.url\"))\n\t\timage=(lang (concat (concat \"emthemesmodez.banners.twothird_onethird_\" index) \".banner1.image\"))\n\t\ttitle=(lang (concat (concat \"emthemesmodez.banners.twothird_onethird_\" index) \".banner1.title\"))\n\t\ttext=(lang (concat (concat \"emthemesmodez.banners.twothird_onethird_\" index) \".banner1.text\"))\n\t\tbutton=(lang (concat (concat \"emthemesmodez.banners.twothird_onethird_\" index) \".banner1.button\"))\n\t}}\n\n\t{{> components/emthemes-modez/banners/banner\n\t\turl=(lang (concat (concat \"emthemesmodez.banners.twothird_onethird_\" index) \".banner2.url\"))\n\t\timage=(lang (concat (concat \"emthemesmodez.banners.twothird_onethird_\" index) \".banner2.image\"))\n\t\ttitle=(lang (concat (concat \"emthemesmodez.banners.twothird_onethird_\" index) \".banner2.title\"))\n\t\ttext=(lang (concat (concat \"emthemesmodez.banners.twothird_onethird_\" index) \".banner2.text\"))\n\t\tbutton=(lang (concat (concat \"emthemesmodez.banners.twothird_onethird_\" index) \".banner2.button\"))\n\t}}\n\n</div>\n","components/emthemes-modez/blog/featured":"<div class=\"u-sep\">\n    <span class=\"u-sep-l\"></span>\n    <h2 class=\"page-heading\">{{lang 'blog.recent_posts' }}</h2>\n    <span class=\"u-sep-r\"></span>\n</div>\n\n\n<ul class=\"emthemesModez-blogGrid {{#if style '==' 'featured'}}emthemesModez-blogGrid--featured{{/if}} emthemesModez-blogGrid--maxCol2 emthemesModez-blogGrid--list\">\n\t{{#each posts}}\n\t\t<li class=\"emthemesModez-blogItem\">\n\t    \t{{> components/blog/post post=this hide_social_icons=true hide_content=true settings=../settings}}\n\t    </li>\n\t{{/each}}\n</ul>\n","components/emthemes-modez/brand/carousel":"\n<article class=\"emthemesModez-brandCarousel-container\" data-section-type=\"brands-logo\">\n    {{#unless hide_heading}}\n    <h5 class=\"footer-info-heading\">{{lang 'footer.brands'}}</h5>\n    {{/unless}}\n    <div class=\"emthemesModez-brandCarousel\" data-slick='{\n        \"dots\": false,\n        \"infinite\": false,\n        \"mobileFirst\": true,\n        \"slidesToShow\": 2,\n        \"slidesToScroll\": 2,\n        \"responsive\": [\n            {\n                \"breakpoint\": 1260,\n                \"settings\": {\n                    \"slidesToScroll\": 2,\n                    \"slidesToShow\": 5\n                }\n            },\n            {\n                \"breakpoint\": 800,\n                \"settings\": {\n                    \"slidesToScroll\": 2,\n                    \"slidesToShow\": 5\n                }\n            },\n            {\n                \"breakpoint\": 550,\n                \"settings\": {\n                    \"slidesToScroll\": 2,\n                    \"slidesToShow\": 3\n                }\n            }\n        ]\n    }'>\n        {{#if type '==' 'static'}}\n            {{#if (lang 'emthemesmodez.brands.image1') '!=' ' '}}\n            <div class=\"emthemesModez-brandCarousel-slide\"><a href=\"{{lang 'emthemesmodez.brands.image1'}}\"><img src=\"{{lang 'emthemesmodez.brands.image1'}}\" alt=\"{{lang 'emthemesmodez.brands.title1'}}\" /></a></div>\n            {{/if}}\n            {{#if (lang 'emthemesmodez.brands.image2') '!=' ' '}}\n            <div class=\"emthemesModez-brandCarousel-slide\"><a href=\"{{lang 'emthemesmodez.brands.image2'}}\"><img src=\"{{lang 'emthemesmodez.brands.image2'}}\" alt=\"{{lang 'emthemesmodez.brands.title2'}}\" /></a></div>\n            {{/if}}\n            {{#if (lang 'emthemesmodez.brands.image3') '!=' ' '}}\n            <div class=\"emthemesModez-brandCarousel-slide\"><a href=\"{{lang 'emthemesmodez.brands.image3'}}\"><img src=\"{{lang 'emthemesmodez.brands.image3'}}\" alt=\"{{lang 'emthemesmodez.brands.title3'}}\" /></a></div>\n            {{/if}}\n            {{#if (lang 'emthemesmodez.brands.image4') '!=' ' '}}\n            <div class=\"emthemesModez-brandCarousel-slide\"><a href=\"{{lang 'emthemesmodez.brands.image4'}}\"><img src=\"{{lang 'emthemesmodez.brands.image4'}}\" alt=\"{{lang 'emthemesmodez.brands.title4'}}\" /></a></div>\n            {{/if}}\n            {{#if (lang 'emthemesmodez.brands.image5') '!=' ' '}}\n            <div class=\"emthemesModez-brandCarousel-slide\"><a href=\"{{lang 'emthemesmodez.brands.image5'}}\"><img src=\"{{lang 'emthemesmodez.brands.image5'}}\" alt=\"{{lang 'emthemesmodez.brands.title5'}}\" /></a></div>\n            {{/if}}\n            {{#if (lang 'emthemesmodez.brands.image6') '!=' ' '}}\n            <div class=\"emthemesModez-brandCarousel-slide\"><a href=\"{{lang 'emthemesmodez.brands.image6'}}\"><img src=\"{{lang 'emthemesmodez.brands.image6'}}\" alt=\"{{lang 'emthemesmodez.brands.title6'}}\" /></a></div>\n            {{/if}}\n            {{#if (lang 'emthemesmodez.brands.image7') '!=' ' '}}\n            <div class=\"emthemesModez-brandCarousel-slide\"><a href=\"{{lang 'emthemesmodez.brands.image7'}}\"><img src=\"{{lang 'emthemesmodez.brands.image7'}}\" alt=\"{{lang 'emthemesmodez.brands.title7'}}\" /></a></div>\n            {{/if}}\n            {{#if (lang 'emthemesmodez.brands.image8') '!=' ' '}}\n            <div class=\"emthemesModez-brandCarousel-slide\"><a href=\"{{lang 'emthemesmodez.brands.image8'}}\"><img src=\"{{lang 'emthemesmodez.brands.image8'}}\" alt=\"{{lang 'emthemesmodez.brands.title8'}}\" /></a></div>\n            {{/if}}\n            {{#if (lang 'emthemesmodez.brands.image9') '!=' ' '}}\n            <div class=\"emthemesModez-brandCarousel-slide\"><a href=\"{{lang 'emthemesmodez.brands.image9'}}\"><img src=\"{{lang 'emthemesmodez.brands.image9'}}\" alt=\"{{lang 'emthemesmodez.brands.title9'}}\" /></a></div>\n            {{/if}}\n            {{#if (lang 'emthemesmodez.brands.image10') '!=' ' '}}\n            <div class=\"emthemesModez-brandCarousel-slide\"><a href=\"{{lang 'emthemesmodez.brands.image10'}}\"><img src=\"{{lang 'emthemesmodez.brands.image10'}}\" alt=\"{{lang 'emthemesmodez.brands.title10'}}\" /></a></div>\n            {{/if}}\n        {{else}}\n            {{#each shop_by_brand}}\n                <div class=\"emthemesModez-brandCarousel-slide\"><a href=\"{{url}}\">{{name}}</a></div>\n            {{/each}}\n        {{/if}}\n    </div>\n    {{#unless hide_view_all}}\n    <p><a href=\"{{urls.brands}}\">{{lang 'common.view_all'}}</a></p>\n    {{/unless}}\n</article>\n","components/emthemes-modez/category/ajax-products-by-category":"\r\n{{#each categories}}\r\n    {{#if id '==' ../category_id}}\r\n        <section class=\"emthemesModez-productsByCategory {{#if ../../style}}{{#if ../../../style '!=' ' '}}emthemesModez-productsByCategory--{{../../../../style}}{{/if}}{{/if}}\">\r\n            <div class=\"emthemesModez-productsByCategory-imageColumn\">\r\n                <figure class=\"emthemesModez-productsByCategory-figure\">\r\n                    <img class=\"emthemesModez-productsByCategory-image\" src=\"{{../../image}}\" alt=\"{{../../heading}}\">\r\n                    <figcaption class=\"emthemesModez-productsByCategory-figcaption\">\r\n                        <div class=\"emthemesModez-productsByCategory-figcaption-body\">\r\n                            <h3 class=\"emthemesModez-productsByCategory-heading\">{{../../heading}}</h3>\r\n                            <div class=\"emthemesModez-productsByCategory-text\">{{../../text}}</div>\r\n                            <a class=\"emthemesModez-productsByCategory-button button\" href=\"{{url}}\">{{../../button}}</a>\r\n                        </div>\r\n                    </figcaption>\r\n                </figure>\r\n            </div>\r\n\r\n            <div class=\"emthemesModez-productsByCategory-productsColumn\" data-emthemesmodez-products-by-category=\"{{url}}\">\r\n                {{> components/emthemes-modez/common/product-loading theme_settings=../../theme_settings}}\r\n            </div>\r\n        </section>\r\n    {{/if}}\r\n{{/each}}\r\n\r\n","components/emthemes-modez/common/product-loading":"<div class=\"emthemesModez-productLoading emthemesModez-productLoading--maxCol2\">\n\t<div class=\"emthemesModez-productLoading-item\"><img src=\"{{cdn theme_settings.image_product_loading}}\" alt=\"loading\" title=\"loading\" /></div>\n\t<div class=\"emthemesModez-productLoading-item\"><img src=\"{{cdn theme_settings.image_product_loading}}\" alt=\"loading\" title=\"loading\" /></div>\n\t<div class=\"emthemesModez-productLoading-item\"><img src=\"{{cdn theme_settings.image_product_loading}}\" alt=\"loading\" title=\"loading\" /></div>\n\t<div class=\"emthemesModez-productLoading-item\"><img src=\"{{cdn theme_settings.image_product_loading}}\" alt=\"loading\" title=\"loading\" /></div>\n</div>\n","components/emthemes-modez/instagram/carousel":"<div class=\"emthemesModez-instafeed-container 1234 {{#if style}}emthemesModez-instafeed-container--{{style}}{{/if}}\">\r\n    {{#unless hide_heading}}\r\n    <h2 class=\"page-heading\">{{lang 'instagram.title'}}</h2>\r\n    {{/unless}}\r\n    {{#if show_subheading}}\r\n    <div class=\"emthemesModez-instafeed-desc\">{{{lang 'instagram.description'}}}</div>\r\n    {{/if}}\r\n\r\n    <div id=\"instafeed\" class=\"emthemesModez-instafeed emthemesModez-instafeed--carousel {{#if style}}emthemesModez-instafeed--{{style}}{{/if}}\" \r\n        data-emthemesmodez-instafeed-carousel='{\r\n            \"dots\": false,\r\n            \"infinite\": false,\r\n            \"mobileFirst\": true,\r\n            \"slidesToShow\": 2,\r\n            \"slidesToScroll\": 2,\r\n            \"responsive\": [\r\n                {\r\n                    \"breakpoint\": 1260,\r\n                    \"settings\": {\r\n                        \"slidesToScroll\": 2,\r\n                        \"slidesToShow\": {{#if columns}}{{columns}}{{else}}6{{/if}}\r\n                    }\r\n                },\r\n                {\r\n                    \"breakpoint\": 800,\r\n                    \"settings\": {\r\n                        \"slidesToScroll\": 2,\r\n                        \"slidesToShow\": {{#if columns}}{{columns}}{{else}}6{{/if}}\r\n                    }\r\n                },\r\n                {\r\n                    \"breakpoint\": 550,\r\n                    \"settings\": {\r\n                        \"slidesToScroll\": 2,\r\n                        \"slidesToShow\": 2\r\n                    }\r\n                }\r\n            ]}'\r\n    ></div>\r\n</div>\r\n\r\n{{!--\r\n<script type=\"text/javascript\" src=\"{{cdn '/assets/vendor/instafeed/instafeed.min.js'}}\"></script>\r\n--}}\r\n<script src=\"https://unpkg.com/instafeed.js@2.0.0-rc2/src/instafeed.js\" ></script>\r\n<script type=\"text/javascript\">\r\n// <![[\r\n    document.addEventListener('DOMContentLoaded', function () {\r\n        \"use strict\";\r\n        var feed = new Instafeed({\r\n            target: 'instafeed',\r\n            get: 'user',\r\n            userId: '{{lang \"instagram.user_id\"}}',\r\n            clientId: '{{lang \"instagram.client_id\"}}',\r\n            accessToken: '{{lang \"instagram.access_token\"}}',\r\n            resolution: 'thumbnail',\r\n            template: '<div class=\"emthemesModez-instafeed-item\"><a href=\"{{link}}\" target=\"_blank\" id=\"{{id}}\"><img src=\"{{image}}\" /></a></div>',\r\n            sortBy: 'most-recent',\r\n            limit: 12,\r\n            links: false,\r\n            debug:true,\r\n            after: function() {\r\n                document.getElementById(this.options.target).dispatchEvent(new CustomEvent(\"instafeedAfter\"));\r\n            }\r\n        });\r\n        feed.run();\r\n    });\r\n// ]]>\r\n</script>\r\n","components/emthemes-modez/instagram/grid":"<div class=\"emthemesModez-instafeed-container\">\r\n    {{#unless hide_heading}}\r\n    <div class=\"emthemesModez-instafeed-content\">\r\n        <h2 class=\"page-heading\">{{lang 'instagram.title'}}</h2>\r\n        <div class=\"emthemesModez-instafeed-desc\">{{{lang 'instagram.description'}}}</div>\r\n    </div>\r\n    {{/unless}}\r\n    <div id=\"instafeed\" class=\"emthemesModez-instafeed\"></div>\r\n   \r\n    <div id=\"papainstagram-render\"></div>\r\n</div>\r\n\r\n\r\n\r\n<script type=\"text/javascript\" src=\"{{cdn '/assets/vendor/instafeed/instafeed.min.js'}}\"></script>\r\n<script type=\"text/javascript\">\r\n// <![[\r\n    (function() {\r\n        \"use strict\";\r\n        var feed = new Instafeed({\r\n            get: 'user',\r\n            userId: '{{lang \"instagram.user_id\"}}',\r\n            clientId: '{{lang \"instagram.client_id\"}}',\r\n            accessToken: '{{lang \"instagram.access_token\"}}',\r\n            resolution: 'standard_resolution',\r\n            template: '<div class=\"emthemesModez-instafeed-item\"><a href=\"{{link}}\" target=\"_blank\" id=\"{{id}}\"><img src=\"{{image}}\" /></a></div>',\r\n            sortBy: 'most-recent',\r\n            limit: 10,\r\n            links: false\r\n        });\r\n        feed.run();\r\n    })();\r\n// ]]>\r\n</script>\r\n","components/emthemes-modez/products/categories-featured":"\n<div class=\"emthemesModez-productsVerticalCategoriesAside-outer emthemesModez-productsVerticalCategoriesAside-outer--1\">\n    <div class=\"emthemesModez-productsVerticalCategoriesAside emthemesModez-productsVerticalCategoriesAside--1\">\n        <div class=\"emthemesModez-productsVerticalCategoriesAside-side\">\n            <div class=\"sidebarBlock sidebarBlock--categories\">\n                <h5 class=\"sidebarBlock-heading\">{{lang 'category.label'}}</h5>\n                <ul class=\"navList-section\">\n                    {{#each categories}}\n                    <li class=\"navList-item\">\n                        <a class=\"navList-action\" href=\"{{url}}\" alt=\"{{name}}\" title=\"{{name}}\">{{name}}</a>\n                        {{#if children}}\n                        <ul class=\"navList-subSection\">\n                            {{#each children}}\n                            <li class=\"navList-item\">\n                                <a class=\"navList-action\" href=\"{{url}}\" alt=\"{{name}}\" title=\"{{name}}\">{{name}}</a>\n                            </li>\n                            {{/each}}\n                        </ul>\n                        {{/if}}\n                    </li>\n                    {{/each}}\n                </ul>\n            </div>\n        </div>\n        <div class=\"emthemesModez-productsVerticalCategoriesAside-main\">\n            {{> components/products/featured \n                products=products.featured \n                show_compare=theme_settings.show_product_compare\n                show_wishlist=settings.show_wishlist\n                columns=theme_settings.homepage_featured_products_column_count \n                display_type=theme_settings.homepage_featured_products_display_type\n                hide_heading=true}}\n        </div>\n    </div>\n</div>\n","components/emthemes-modez/sections/section":"\n{{#if section '==' 'slideshow'}}\n    {{#if carousel}}\n        {{> components/carousel}}\n    {{/if}}\n{{/if}}\n\n\n{{#if section '==' 'new_products'}}\n    {{#if products.new}}\n        <div class=\"emthemesModez-section emthemesModez-section--newProducts {{#if style}}emthemesModez-section-products-{{style}}{{/if}}\">\n        {{> components/products/new \n            products=products.new \n            show_compare=theme_settings.show_product_compare\n            show_wishlist=settings.show_wishlist\n            columns=theme_settings.homepage_new_products_column_count \n            display_type=theme_settings.homepage_new_products_display_type}}\n\n        </div>\n    {{/if}}\n{{/if}}\n\n\n{{#if section '==' 'featured_products'}}\n    {{#if products.featured}}\n        <div class=\"emthemesModez-section emthemesModez-section--featuredProducts {{#if style}}emthemesModez-section-products-{{style}}{{/if}}\">\n        {{> components/products/featured \n            products=products.featured \n            show_compare=theme_settings.show_product_compare\n            show_wishlist=settings.show_wishlist\n            columns=theme_settings.homepage_featured_products_column_count \n            display_type=theme_settings.homepage_featured_products_display_type}}\n        </div>\n    {{/if}}\n{{/if}}\n\n{{#if section '==' 'popular_products'}}\n    {{#if products.top_sellers}}\n        <div class=\"emthemesModez-section emthemesModez-section--topProducts {{#if style}}emthemesModez-section-products-{{style}}{{/if}}\">\n        {{> components/products/top \n            products=products.top_sellers \n            show_compare=theme_settings.show_product_compare\n            show_wishlist=settings.show_wishlist\n            columns=theme_settings.homepage_top_products_column_count \n            display_type=theme_settings.homepage_top_products_display_type}}\n        </div>\n    {{/if}}\n{{/if}}\n\n{{#if section '==' 'special_products_columns'}}\n    <div class=\"emthemesModez-section emthemesModez-section--specialProductsColumns\">\n        <section class=\"emthemesModez-specialProductsColumns\">\n            {{#if products.new}}\n            <div class=\"emthemesModez-specialProductsColumns-column\">\n                {{> components/products/new \n                    products=products.new \n                    columns=1\n                    display_type='list'}}\n            </div>\n            {{/if}}\n            {{#if products.featured}}\n            <div class=\"emthemesModez-specialProductsColumns-column\">\n                {{> components/products/featured \n                    products=products.featured \n                    columns=1 \n                    display_type='list'}}\n            </div>\n            {{/if}}\n            {{#if products.top_sellers}}\n            <div class=\"emthemesModez-specialProductsColumns-column\">\n                {{> components/products/top \n                    products=products.top_sellers \n                    columns=1 \n                    display_type='list'}}\n            </div>\n            {{/if}}\n        </section>\n    </div>\n{{/if}}\n\n{{#if section '==' 'products_by_category_1'}}\n    <div class=\"emthemesModez-section {{#if index}}emthemesModez-section--index{{index}}{{/if}} emthemesModez-section--productsByCategory\">\n    {{> components/emthemes-modez/sections/section-products-by-category index=1}}\n    </div>\n{{/if}}\n\n{{#if section '==' 'products_by_category_2'}}\n    <div class=\"emthemesModez-section {{#if index}}emthemesModez-section--index{{index}}{{/if}} emthemesModez-section--productsByCategory\">\n    {{> components/emthemes-modez/sections/section-products-by-category index=2}}\n    </div>\n{{/if}}\n\n{{#if section '==' 'products_by_category_3'}}\n    <div class=\"emthemesModez-section {{#if index}}emthemesModez-section--index{{index}}{{/if}} emthemesModez-section--productsByCategory\">\n    {{> components/emthemes-modez/sections/section-products-by-category index=3}}\n    </div>\n{{/if}}\n\n{{#if section '==' 'categories_featured'}}\n    {{> components/emthemes-modez/products/categories-featured}}\n{{/if}}\n\n{{#if section '==' 'blog_recent'}}\n    {{> components/emthemes-modez/blog/featured posts=blog.recent_posts}}\n{{/if}}\n\n{{#if section '==' 'instagram_grid'}}\n    {{> components/emthemes-modez/instagram/grid}}\n{{/if}}\n\n{{#if section '==' 'instagram_carousel'}}\n    {{> components/emthemes-modez/instagram/carousel columns=theme_settings.instagram_column_count}}\n{{/if}}\n\n{{#if section '==' 'brands_carousel'}}\n    {{> components/emthemes-modez/brand/carousel hide_heading=true hide_view_all=true type=\"static\"}}\n{{/if}}\n\n\n{{#if section '==' 'banner_2313_1'}}\n    {{> components/emthemes-modez/banners/twothird-onethird index=1}}\n{{/if}}\n\n{{#if section '==' 'banner_2313_2'}}\n    {{> components/emthemes-modez/banners/twothird-onethird index=2}}\n{{/if}}\n\n{{#if section '==' 'banner_2313_3'}}\n    {{> components/emthemes-modez/banners/twothird-onethird index=3}}\n{{/if}}\n\n{{#if section '==' 'banner_3x_1'}}\n    {{> components/emthemes-modez/banners/onethird-x3 index=1}}\n{{/if}}\n\n{{#if section '==' 'banner_3x_2'}}\n    {{> components/emthemes-modez/banners/onethird-x3 index=2}}\n{{/if}}\n\n{{#if section '==' 'banner_3x_3'}}\n    {{> components/emthemes-modez/banners/onethird-x3 index=3}}\n{{/if}}\n\n{{#if section '==' 'banner_one_1'}}\n    {{> components/emthemes-modez/banners/one index=1}}\n    </div>\n{{/if}}\n\n{{#if section '==' 'banner_one_2'}}\n    {{> components/emthemes-modez/banners/one index=2}}\n{{/if}}\n\n{{#if section '==' 'banner_one_3'}}\n    {{> components/emthemes-modez/banners/one index=3}}\n{{/if}}\n\n{{#if section '==' 'banner_half_1'}}\n    {{> components/emthemes-modez/banners/half index=1}}\n{{/if}}\n\n{{#if section '==' 'banner_half_2'}}\n    {{> components/emthemes-modez/banners/half index=2}}\n{{/if}}\n\n{{#if section '==' 'banner_half_3'}}\n    {{> components/emthemes-modez/banners/half index=3}}\n{{/if}}\n\n{{#if section '==' 'banner_quarter_1'}}\n    {{> components/emthemes-modez/banners/quarter index=1}}\n{{/if}}\n\n{{#if section '==' 'banner_quarter_2'}}\n    {{> components/emthemes-modez/banners/quarter index=2}}\n{{/if}}\n\n{{#if section '==' 'banner_quarter_3'}}\n    {{> components/emthemes-modez/banners/quarter index=3}}\n{{/if}}\n\n{{#if section '==' 'banner_laparis1_1'}}\n    {{> components/emthemes-modez/banners/laparis1 index=1}}\n{{/if}}\n\n{{#if section '==' 'banner_laparis1_2'}}\n    {{> components/emthemes-modez/banners/laparis1 index=2}}\n{{/if}}\n\n{{#if section '==' 'banner_laparis1_3'}}\n    {{> components/emthemes-modez/banners/laparis1 index=3}}\n{{/if}}\n\n\n{{#if section '==' 'banner_laparis2_1'}}\n    {{> components/emthemes-modez/banners/laparis2 index=1}}\n{{/if}}\n\n{{#if section '==' 'banner_laparis2_2'}}\n    {{> components/emthemes-modez/banners/laparis2 index=2}}\n{{/if}}\n\n{{#if section '==' 'banner_laparis2_3'}}\n    {{> components/emthemes-modez/banners/laparis2 index=3}}\n{{/if}}\n\n\n{{#if section '==' 'banner_laparis3_1'}}\n    {{> components/emthemes-modez/banners/laparis3 index=1}}\n{{/if}}\n\n{{#if section '==' 'banner_laparis3_2'}}\n    {{> components/emthemes-modez/banners/laparis3 index=2}}\n{{/if}}\n\n{{#if section '==' 'banner_laparis3_3'}}\n    {{> components/emthemes-modez/banners/laparis3 index=3}}\n{{/if}}\n\n\n{{#if section '==' 'banner_laparis4_1'}}\n    {{> components/emthemes-modez/banners/laparis4 index=1}}\n{{/if}}\n\n{{#if section '==' 'banner_laparis4_2'}}\n    {{> components/emthemes-modez/banners/laparis4 index=2}}\n{{/if}}\n\n{{#if section '==' 'banner_laparis4_3'}}\n    {{> components/emthemes-modez/banners/laparis4 index=3}}\n{{/if}}\n\n\n{{#if section '==' 'banner_laparis5_1'}}\n    {{> components/emthemes-modez/banners/laparis5 index=1}}\n{{/if}}\n\n{{#if section '==' 'banner_laparis5_2'}}\n    {{> components/emthemes-modez/banners/laparis5 index=2}}\n{{/if}}\n\n{{#if section '==' 'banner_laparis5_3'}}\n    {{> components/emthemes-modez/banners/laparis5 index=3}}\n{{/if}}\n\n{{#if section '==' 'banner_laparis5_4'}}\n    {{> components/emthemes-modez/banners/laparis5 index=4}}\n{{/if}}\n\n{{#if section '==' 'banner_laparis5_5'}}\n    {{> components/emthemes-modez/banners/laparis5 index=5}}\n{{/if}}\n\n\n{{#if section '==' 'carousel_laparis2_1'}}\n    {{> components/emthemes-modez/sections/section-carousel index=1}}\n{{/if}}\n\n{{#if section '==' 'carousel_laparis2_2'}}\n    {{> components/emthemes-modez/sections/section-carousel index=2}}\n{{/if}}\n\n{{#if section '==' 'carousel_laparis2_3'}}\n    {{> components/emthemes-modez/sections/section-carousel index=3}}\n{{/if}}\n\n\n{{#if section '==' 'text_1'}}\n    {{> components/emthemes-modez/sections/section-text\n        heading=(lang 'emthemesmodez.text_1.heading')\n        content=(lang 'emthemesmodez.text_1.content')\n        button=(lang 'emthemesmodez.text_1.button')\n        link=(lang 'emthemesmodez.text_1.link')\n    }}\n{{/if}}\n\n{{#if section '==' 'text_2'}}\n    {{> components/emthemes-modez/sections/section-text\n        heading=(lang 'emthemesmodez.text_2.heading')\n        content=(lang 'emthemesmodez.text_2.content')\n        button=(lang 'emthemesmodez.text_2.button')\n        link=(lang 'emthemesmodez.text_2.link')\n    }}\n{{/if}}\n\n{{#if section '==' 'text_3'}}\n    {{> components/emthemes-modez/sections/section-text\n        heading=(lang 'emthemesmodez.text_3.heading')\n        content=(lang 'emthemesmodez.text_3.content')\n        button=(lang 'emthemesmodez.text_3.button')\n        link=(lang 'emthemesmodez.text_3.link')\n    }}\n{{/if}}\n\n{{#if section '==' 'video_1'}}\n    {{> components/emthemes-modez/sections/section-video\n        heading=(lang 'emthemesmodez.video_1.heading')\n        content=(lang 'emthemesmodez.video_1.content')\n        button=(lang 'emthemesmodez.video_1.button')\n        link=(lang 'emthemesmodez.video_1.link')\n        youtube=(lang 'emthemesmodez.video_1.youtube')\n        image=(lang 'emthemesmodez.video_1.image')\n        index=1\n    }}\n{{/if}}\n","components/emthemes-modez/sections/section-carousel":"<section class=\"emthemesModez-imageCarousel\"\r\n    data-slick='{\r\n        \"centerMode\": true,\r\n        \"centerPadding\": \"12.5%\",\r\n        \"dots\": true,\r\n        \"mobileFirst\": true,\r\n        \"slidesToShow\": 1,\r\n        \"slidesToScroll\": 1\r\n    }'>\r\n    {{> components/emthemes-modez/sections/section-carousel-slide \r\n        image=(lang 'emthemesmodez.image_carousel.image_1')\r\n        image_alt=(lang 'emthemesmodez.image_carousel.image_alt_1')\r\n        heading=(lang 'emthemesmodez.image_carousel.heading_1')\r\n        text=(lang 'emthemesmodez.image_carousel.text_1')\r\n        button=(lang 'emthemesmodez.image_carousel.button_1')\r\n        url=(lang 'emthemesmodez.image_carousel.url_1')\r\n    }}\r\n    {{> components/emthemes-modez/sections/section-carousel-slide \r\n        image=(lang 'emthemesmodez.image_carousel.image_2')\r\n        image_alt=(lang 'emthemesmodez.image_carousel.image_alt_2')\r\n        heading=(lang 'emthemesmodez.image_carousel.heading_2')\r\n        text=(lang 'emthemesmodez.image_carousel.text_2')\r\n        button=(lang 'emthemesmodez.image_carousel.button_2')\r\n        url=(lang 'emthemesmodez.image_carousel.url_2')\r\n    }}\r\n    {{> components/emthemes-modez/sections/section-carousel-slide \r\n        image=(lang 'emthemesmodez.image_carousel.image_3')\r\n        image_alt=(lang 'emthemesmodez.image_carousel.image_alt_3')\r\n        heading=(lang 'emthemesmodez.image_carousel.heading_3')\r\n        text=(lang 'emthemesmodez.image_carousel.text_3')\r\n        button=(lang 'emthemesmodez.image_carousel.button_3')\r\n        url=(lang 'emthemesmodez.image_carousel.url_3')\r\n    }}\r\n    {{> components/emthemes-modez/sections/section-carousel-slide \r\n        image=(lang 'emthemesmodez.image_carousel.image_4')\r\n        image_alt=(lang 'emthemesmodez.image_carousel.image_alt_4')\r\n        heading=(lang 'emthemesmodez.image_carousel.heading_4')\r\n        text=(lang 'emthemesmodez.image_carousel.text_4')\r\n        button=(lang 'emthemesmodez.image_carousel.button_4')\r\n        url=(lang 'emthemesmodez.image_carousel.url_4')\r\n    }}\r\n    {{> components/emthemes-modez/sections/section-carousel-slide \r\n        image=(lang 'emthemesmodez.image_carousel.image_5')\r\n        image_alt=(lang 'emthemesmodez.image_carousel.image_alt_5')\r\n        heading=(lang 'emthemesmodez.image_carousel.heading_5')\r\n        text=(lang 'emthemesmodez.image_carousel.text_5')\r\n        button=(lang 'emthemesmodez.image_carousel.button_5')\r\n        url=(lang 'emthemesmodez.image_carousel.url_5')\r\n    }}\r\n</section>\r\n","components/emthemes-modez/sections/section-carousel-slide":"{{#if image}}\n{{#if image '!=' ' '}}\n<div class=\"emthemesModez-imageCarousel-slide\">\n    <a href=\"{{url}}\">\n        <img class=\"emthemesModez-imageCarousel-image\" src=\"{{image}}\" alt=\"{{image_alt}}\" title=\"{{image_alt}}\"/>\n\n        <div class=\"emthemesModez-imageCarousel-content\">\n            {{#if heading '!=' ' '}}\n            <h3 class=\"emthemesModez-imageCarousel-title\">{{heading}}</h3>\n            {{/if}}\n\n            {{#if text '!=' ' '}}\n            <p class=\"emthemesModez-imageCarousel-description\">{{text}}</p>\n            {{/if}}\n\n            {{#if button '!=' ' '}}\n                <span class=\"emthemesModez-imageCarousel-action button button--primary button--large\">{{button}}</span>\n            {{/if}}\n        </div>\n    </a>\n</div>\n{{/if}}\n{{/if}}\n","components/emthemes-modez/sections/section-products-by-category":"\n\n{{> components/emthemes-modez/category/ajax-products-by-category\n    category_id=(lang (concat \"emthemesmodez.products_by_category.category_id_\" index))\n    image=(lang (concat \"emthemesmodez.products_by_category.image_\" index))\n    heading=(lang (concat \"emthemesmodez.products_by_category.heading_\" index))\n    text=(lang (concat \"emthemesmodez.products_by_category.text_\" index))\n    button=(lang (concat \"emthemesmodez.products_by_category.button_\" index))\n    style=(lang (concat \"emthemesmodez.products_by_category.style_\" index))\n}}\n\n","components/emthemes-modez/sections/section-text":"<section class=\"emthemesModez-textBlock\">\n\t\n\t{{#if heading}}{{#if heading '!=' ' '}}\n\t<h2 class=\"emthemesModez-textBlock-heading\">{{{heading}}}</h2>\n\t{{/if}}{{/if}}\n\n\t{{#if content}}{{#if content '!=' ' '}}\n\t<div class=\"emthemesModez-textBlock-content\">{{{content}}}</div>\n\t{{/if}}{{/if}}\n\n\t{{#if button}}{{#if button '!=' ' '}}\n\t<div class=\"emthemesModez-textBlock-buttons\">\n\t\t<a class=\"button button--primary\" href=\"{{link}}\">{{{button}}}</a>\n\t</div>\n\t{{/if}}{{/if}}\n</section>\n","components/emthemes-modez/sections/section-video":"<section class=\"emthemesModez-videoBlock\">\n\t\n\t<div class=\"emthemesModez-videoBlock-videoContainer\">\n\t\t{{#if image}}{{#if image '!=' ' '}}\n\t\t<a href=\"#\" data-emthemesmodez-video-toggle=\"emthemesModez-videoBlock-player-{{index}}\" class=\"emthemesModez-videoBlock-toggle\"><img class=\"emthemesModez-videoBlock-image\" src=\"{{image}}\" alt=\"{{heading}}\" title=\"{{heading}}\" /></a>\n\t\t{{/if}}{{/if}}\n\t\t<iframe\n\t\t\tid=\"emthemesModez-videoBlock-player-{{index}}\"\n\t\t\tclass=\"emthemesModez-videoBlock-player {{#if image}}{{#if image '!=' ' '}}emthemesModez-videoBlock-player--hide{{/if}}{{/if}}\"\n\t\t    width=\"870\"\n\t\t    height=\"500\"\n\t\t    frameborder=\"0\"\n\t\t    webkitAllowFullScreen\n\t\t    mozallowfullscreen\n\t\t    allowFullScreen\n\t\t    src=\"//www.youtube.com/embed/{{youtube}}\">\n\t\t</iframe>\n\t</div>\n\n\t<div class=\"emthemesModez-videoBlock-textContainer\">\n\t\t{{#if heading}}{{#if heading '!=' ' '}}\n\t\t<h2 class=\"emthemesModez-videoBlock-heading\">{{{heading}}}</h2>\n\t\t{{/if}}{{/if}}\n\n\t\t{{#if content}}{{#if content '!=' ' '}}\n\t\t<div class=\"emthemesModez-videoBlock-content\">{{{content}}}</div>\n\t\t{{/if}}{{/if}}\n\n\t\t{{#if button}}{{#if button '!=' ' '}}\n\t\t<div class=\"emthemesModez-videoBlock-buttons\">\n\t\t\t<a class=\"button button--primary\" href=\"{{link}}\">{{{button}}}</a>\n\t\t</div>\n\t\t{{/if}}{{/if}}\n\t</div>\n</section>\n","components/products/card":"<article class=\"card {{#if alternate}}card--alternate{{/if}} {{#if style}}card--{{style}}{{/if}}\">\r\n    <figure class=\"card-figure\">\r\n        {{#or price.non_sale_price_with_tax price.non_sale_price_without_tax}}\r\n            {{#if theme_settings.product_sale_badges '===' 'sash'}}\r\n                <div class=\"sale-flag-sash\">\r\n                    <span class=\"sale-text\">{{lang 'emthemesmodez.on_sale'}}</span>\r\n                </div>\r\n            {{else if theme_settings.product_sale_badges '===' 'topleft'}}\r\n                <div class=\"sale-flag-side\">\r\n                    <span class=\"sale-text\">{{lang 'emthemesmodez.on_sale'}}</span>\r\n                </div>\r\n            {{else if theme_settings.product_sale_badges '===' 'burst'}}\r\n                <div class=\"starwrap\">\r\n                    <div class=\"sale-text-burst\">{{lang 'emthemesmodez.on_sale'}}</div>\r\n                    <div class=\"sale-flag-star\"></div>\r\n                </div>\r\n            {{/if}}\r\n        {{/or}}\r\n        {{#if theme_settings.show_product_card_custom_label}}\r\n            {{#each custom_fields}}\r\n                {{#if name '==' 'card_label'}}\r\n                    <div class=\"sale-flag-side sale-flag-side--custom\">\r\n                        <span class=\"sale-text\">{{value}}</span>\r\n                    </div>\r\n                {{/if}}\r\n            {{/each}}\r\n        {{/if}}\r\n        <a href=\"{{url}}\">\r\n            <img class=\"card-image\" src=\"{{getImage image 'productgallery_size' (cdn theme_settings.default_image_product)}}\" alt=\"{{image.alt}}\" title=\"{{image.alt}}\">\r\n            {{#if theme_settings.show_product_image_alt}}\r\n                {{#each (limit images 2)}}\r\n                    {{#if @index '>' 0}}\r\n                        <img class=\"card-image\" src=\"{{getImage this 'productgallery_size' (cdn theme_settings.default_image_product)}}\" alt=\"{{this.alt}}\" title=\"{{this.alt}}\">\r\n                    {{/if}}\r\n                {{/each}}\r\n            {{/if}}\r\n        </a>\r\n        <figcaption class=\"card-figcaption\">\r\n            <div class=\"card-figcaption-body\">\r\n                <div class=\"card-figcaption-body-bottomGroup\">\r\n                    {{#unless hide_product_quick_view}}\r\n                        {{#if theme_settings.show_product_quick_view}}\r\n                            <a href=\"#\" class=\"button button--small card-figcaption-button quickview\" data-product-id=\"{{id}}\">{{lang 'products.quick_view'}}</a>\r\n                        {{/if}}\r\n                    {{/unless}}\r\n                </div>\r\n                <div class=\"card-figcaption-body-rightGroup\">\r\n                    {{#or customer (if theme_settings.restrict_to_login '!==' true)}}\r\n                        {{#if show_cart_action}}\r\n                            {{#if has_options}}\r\n                                <a href=\"{{url}}\" class=\"button button--small card-figcaption-button\" data-product-id=\"{{id}}\" data-tooltip=\"{{lang 'products.choose_options'}}\"><span class=\"card-figcaption-button-icon emthemesModez-icon-linear-cart\"></span><span class=\"card-figcaption-button-text\">{{lang 'products.choose_options'}}</span></a>\r\n                            {{/if}}\r\n                            {{#if pre_order}}\r\n                                <a href=\"{{url}}\" class=\"button button--small card-figcaption-button\" data-tooltip=\"{{lang 'products.pre_order'}}\"><span class=\"card-figcaption-button-icon emthemesModez-icon-linear-cart\"></span><span class=\"card-figcaption-button-text\">{{lang 'products.pre_order'}}</span></a>\r\n                            {{/if}}\r\n                            {{#if add_to_cart_url }}\r\n                                <a href=\"{{add_to_cart_url}}\" class=\"button button--small card-figcaption-button\" data-tooltip=\"{{lang 'products.add_to_cart'}}\"><span class=\"card-figcaption-button-icon emthemesModez-icon-linear-cart\"></span><span class=\"card-figcaption-button-text\">{{lang 'products.add_to_cart'}}</span></a>\r\n                            {{/if}}\r\n                            {{#if out_of_stock_message }}\r\n                                <a href=\"{{url}}\" class=\"button button--small card-figcaption-button\" data-product-id=\"{{id}}\" data-tooltip=\"{{out_of_stock_message}}\"><span class=\"card-figcaption-button-icon emthemesModez-icon-linear-cart\"></span><span class=\"card-figcaption-button-text\">{{out_of_stock_message}}</span></a>\r\n                            {{/if}}\r\n                        {{/if}}\r\n                    {{/or}}\r\n                    {{#if show_compare}}\r\n                        <label class=\"button button--small card-figcaption-button card-figcaption-button--compare\" for=\"compare-{{id}}\" data-tooltip=\"{{lang 'products.compare'}}\">\r\n                            <span class=\"card-figcaption-button-icon emthemesModez-icon-compare_arrows\"></span><span class=\"card-figcaption-button-text\">{{lang 'products.compare'}}</span> <input type=\"checkbox\" name=\"products[]\" value=\"{{id}}\" id=\"compare-{{id}}\" data-compare-id=\"{{id}}\">\r\n                        </label>\r\n                    {{/if}}\r\n                    {{#if show_wishlist}}\r\n                        <form class=\"form\" method=\"post\" action=\"{{add_to_wishlist_url}}\" data-wishlist-add>\r\n                            <div class=\"form-action\">\r\n                                <input type=\"hidden\" name=\"variation_id\" value=\"\">\r\n                                <button class=\"button card-figcaption-button card-figcaption-button--wishlist\" type=\"submit\" data-tooltip=\"{{lang 'account.wishlists.add_item'}}\"><span class=\"card-figcaption-button-icon emthemesModez-icon-heart\"></span><span class=\"card-figcaption-button-text\">{{lang 'account.wishlists.add_item'}}</span></button>\r\n                            </div>\r\n                        </form>\r\n                    {{/if}}\r\n                </div>\r\n            </div>\r\n        </figcaption>\r\n    </figure>\r\n    <div class=\"card-body\">\r\n        <h4 class=\"card-title\">\r\n            <a href=\"{{url}}\">{{name}}</a>\r\n        </h4>\r\n        \r\n        <!-- Shopper Approved - templates/components/products/card -->\r\n        <div class=\"star_container {{id}}_parent\"></div>\r\n        <!-- END Shopper Approved - templates/components/products/card -->\r\n\r\n        {{#unless theme_settings.hide_product_card_price}}\r\n        <div class=\"card-text card-text--price\" data-test-info-type=\"price\">\r\n            {{#or customer (if theme_settings.restrict_to_login '!==' true)}}\r\n                {{> components/products/price price=price customer=customer}}\r\n            {{else}}\r\n                {{> components/common/login-for-pricing}}\r\n            {{/or}}\r\n        </div>\r\n        {{/unless}}\r\n\r\n        {{#if theme_settings.show_product_card_color}}\r\n            {{#each custom_fields}}\r\n                {{#if name '==' 'card_color'}}\r\n                    <div class=\"card-text card-text--colors\" data-emthemesmodez-card-colors=\"{{value}}\">\r\n                        {{value}}\r\n                    </div>\r\n                {{/if}}\r\n            {{/each}}\r\n        {{/if}}\r\n\r\n        {{#if show_rating}}\r\n            <p class=\"card-text card-text--rating\" data-test-info-type=\"productRating\">\r\n                <span class=\"rating--small\">\r\n                    {{> components/products/ratings rating=rating}}\r\n                </span>\r\n            </p>\r\n        {{/if}}\r\n\r\n        {{#if brand.name}}\r\n            <p class=\"card-text card-text--brand\" data-test-info-type=\"brandName\">{{brand.name}}</p>\r\n        {{/if}}\r\n    </div>\r\n</article>\r\n","components/products/carousel":"{{#if style '==' 'laparis4'}}\n<section class=\"productCarousel\"\n    data-slick='{\n        \"dots\": false,\n        \"infinite\": false,\n        \"mobileFirst\": true,\n        \"slidesToShow\": 2,\n        \"slidesToScroll\": 2,\n        \"responsive\": [\n            {\n                \"breakpoint\": 1420,\n                \"settings\": {\n                    \"slidesToScroll\": 3,\n                    \"slidesToShow\": {{ columns }}\n                }\n            },\n            {\n                \"breakpoint\": 1260,\n                \"settings\": {\n                    \"slidesToScroll\": 3,\n                    \"slidesToShow\": {{#if columns \">\" 6}}6{{else}}{{columns}}{{/if}}\n                }\n            },\n            {\n                \"breakpoint\": 800,\n                \"settings\": {\n                    \"slidesToScroll\": 3,\n                    \"slidesToShow\": 4\n                }\n            },\n            {\n                \"breakpoint\": 550,\n                \"settings\": {\n                    \"slidesToScroll\": 3,\n                    \"slidesToShow\": 2\n                }\n            }\n        ]\n    }'\n>\n    {{#each products}}\n    <div class=\"productCarousel-slide\">\n        {{> components/products/card theme_settings=../theme_settings customer=../customer show_rating=../settings.show_product_rating show_compare=../show_compare show_wishlist=../show_wishlist style=../style}}\n    </div>\n    {{/each}}\n</section>\n{{else}}\n<section class=\"productCarousel\"\n    data-slick='{\n        \"dots\": false,\n        \"infinite\": false,\n        \"mobileFirst\": true,\n        \"slidesToShow\": 2,\n        \"slidesToScroll\": 2,\n        \"responsive\": [\n            {\n                \"breakpoint\": 1260,\n                \"settings\": {\n                    \"slidesToScroll\": 3,\n                    \"slidesToShow\": {{ columns }}\n                }\n            },\n            {\n                \"breakpoint\": 800,\n                \"settings\": {\n                    \"slidesToScroll\": 3,\n                    \"slidesToShow\": 5\n                }\n            },\n            {\n                \"breakpoint\": 550,\n                \"settings\": {\n                    \"slidesToScroll\": 3,\n                    \"slidesToShow\": 3\n                }\n            }\n        ]\n    }'\n>\n    {{#each products}}\n    <div class=\"productCarousel-slide\">\n        {{> components/products/card theme_settings=../theme_settings customer=../customer show_rating=../settings.show_product_rating show_compare=../show_compare show_wishlist=../show_wishlist style=../style}}\n    </div>\n    {{/each}}\n</section>\n{{/if}}\n","components/products/featured":"{{#unless hide_heading}}\n<div class=\"u-sep\">\n    <span class=\"u-sep-l\"></span>\n    <h2 class=\"page-heading\">{{lang 'products.featured' }}</h2>\n    <span class=\"u-sep-r\"></span>\n</div>\n{{/unless}}\n\n{{#if show_subheading}}\n<div class=\"emthemesModez-section-subHeading\">{{{lang 'emthemesmodez.featured_subheading'}}}</div>\n{{/if}}\n\n{{#if display_type '==' 'carousel'}}\n    {{> components/products/carousel products=products}}\n{{else if display_type '==' 'grid'}}\n    <ul class=\"productGrid productGrid--maxCol{{ columns }} {{#if style}}productGrid--{{style}}{{/if}}\" data-product-type=\"featured\">\n        {{#each products}}\n            <li class=\"product\">\n                {{>components/products/card theme_settings=../theme_settings customer=../customer show_rating=../settings.show_product_rating show_compare=../show_compare show_wishlist=../show_wishlist}}\n            </li>\n        {{/each}}\n    </ul>\n{{else}}\n    <ul class=\"productList productList--maxCol{{ columns }} productList--block {{#if style}}productGrid--{{style}}{{/if}}\" data-product-type=\"featured\">\n        {{#each products}}\n            <li class=\"product\">\n                {{>components/products/list-item \n                \tshow_rating=false\n                \tsummary=false\n                \tshow_compare=../show_compare\n                    show_wishlist=../show_wishlist\n                \tshow_rating=../settings.show_product_rating \n                \ttheme_settings=../theme_settings customer=../customer}}\n            </li>\n        {{/each}}\n    </ul>\t\n{{/if}}\n","components/products/list-item":"<article class=\"listItem\">\n    <figure class=\"listItem-figure\">\n        <img class=\"listItem-image\" src=\"{{getImage image 'productgallery_size' (cdn theme_settings.default_image_product)}}\" alt=\"{{image.alt}}\" title=\"{{image.alt}}\">\n        <figcaption class=\"listItem-figcaption\">\n            <div class=\"listItem-figcaption-buttons\">\n                {{#unless hide_product_quick_view}}\n                    {{#if theme_settings.show_product_quick_view}}\n                        <a href=\"#\" class=\"button button--small listItem-figcaption-button quickview\" data-product-id=\"{{id}}\">{{lang 'products.quick_view'}}</a>\n                    {{/if}}\n                {{/unless}}\n            </div>\n        </figcaption>\n    </figure>\n    <div class=\"listItem-body\">\n        <div class=\"listItem-content\">\n            <div class=\"listItem-details\">\n                {{#if show_rating}}\n                    <p class=\"listItem-rating\">{{> components/products/ratings rating=rating}}</p>\n                {{/if}}\n                {{#if brand.name}}\n                <p class=\"listItem-brand\">{{brand.name}}</p>\n                {{/if}}\n                <h4 class=\"listItem-title\">\n                    <a href=\"{{url}}\">{{name}}</a>\n                </h4>\n                {{#if summary}}\n                    <p>{{summary}}</p>\n                {{/if}}\n            </div>\n            <div class=\"listItem-actions\">\n                {{#unless theme_settings.hide_product_card_price}}\n                {{#if price}}\n                    <div class=\"listItem-price\">{{> components/products/price price=price}}</div>\n                {{/if}}\n                {{/unless}}\n\n                <div class=\"listItem-actions-buttons\">\n                    {{#unless hide_add_to_cart}}\n                        {{#or customer (if theme_settings.restrict_to_login '!==' true)}}\n                            {{#if show_cart_action}}\n                                {{#if has_options}}\n                                    <a href=\"{{url}}\" class=\"button button--small listItem-button\" data-product-id=\"{{id}}\" data-tooltip=\"{{lang 'products.choose_options'}}\"><span class=\"listItem-button-icon emthemesModez-icon-linear-cart\"></span><span class=\"listItem-button-text\">{{lang 'products.choose_options'}}</span></a>\n                                {{/if}}\n                                {{#if pre_order}}\n                                    <a href=\"{{url}}\" class=\"button button--small listItem-button\" data-tooltip=\"{{lang 'products.pre_order'}}\"><span class=\"listItem-button-icon emthemesModez-icon-linear-cart\"></span><span class=\"listItem-button-text\">{{lang 'products.pre_order'}}</span></a>\n                                {{/if}}\n                                {{#if add_to_cart_url }}\n                                    <a href=\"{{add_to_cart_url}}\" class=\"button button--small listItem-button\" data-tooltip=\"{{lang 'products.add_to_cart'}}\"><span class=\"listItem-button-icon emthemesModez-icon-linear-cart\"></span><span class=\"listItem-button-text\">{{lang 'products.add_to_cart'}}</span></a>\n                                {{/if}}\n                                {{#if out_of_stock_message }}\n                                    <a href=\"{{url}}\" class=\"button button--small listItem-button\" data-product-id=\"{{id}}\" data-tooltip=\"{{out_of_stock_message}}\"><span class=\"listItem-button-icon emthemesModez-icon-linear-cart\"></span><span class=\"listItem-button-text\">{{out_of_stock_message}}</span></a>\n                                {{/if}}\n                            {{/if}}\n                        {{/or}}\n                    {{/unless}}\n                    {{#if show_compare}}\n                        <label class=\"button button--small listItem-button listItem-button--compare\" for=\"compare-{{id}}\" data-tooltip=\"{{lang 'products.compare'}}\">\n                            <span class=\"listItem-button-icon emthemesModez-icon-compare_arrows\"></span><span class=\"listItem-button-text\">{{lang 'products.compare'}}</span> <input type=\"checkbox\" name=\"products[]\" value=\"{{id}}\" id=\"compare-{{id}}\" data-compare-id=\"{{id}}\">\n                        </label>\n                    {{/if}}\n                    {{#if show_wishlist}}\n                        <form class=\"form\" method=\"post\" action=\"{{add_to_wishlist_url}}\" data-wishlist-add>\n                            <div class=\"form-action\">\n                                <input type=\"hidden\" name=\"variation_id\" value=\"\">\n                                <button class=\"button listItem-button listItem-button--wishlist\" type=\"submit\" data-tooltip=\"{{lang 'account.wishlists.add_item'}}\"><span class=\"listItem-button-icon emthemesModez-icon-heart\"></span><span class=\"listItem-button-text\">{{lang 'account.wishlists.add_item'}}</span></button>\n                            </div>\n                        </form>\n                    {{/if}}\n                </div>\n            </div>\n        </div>\n    </div>\n</article>\n","components/products/new":"<div class=\"u-sep\">\n    <span class=\"u-sep-l\"></span>\n    <h2 class=\"page-heading\">{{lang 'products.new' }}</h2>\n    <span class=\"u-sep-r\"></span>\n</div>\n\n{{#if display_type '==' 'carousel'}}\n    {{> components/products/carousel products=products}}\n{{else if display_type '==' 'grid'}}\n    {{inject \"emthemesModez_enableProductBrandsTabs\" true}}\n    <div class=\"emthemesModez-productBrandsTabs\"></div>\n    <ul class=\"productGrid productGrid--maxCol{{ columns }} {{#if style}}productGrid--{{style}}{{/if}} emthemesModez-productBrandsTabs-products\" data-product-type=\"new\">\n        {{#each products}}\n            <li class=\"product\" data-product-brand=\"{{brand.name}}\">\n                {{>components/products/card theme_settings=../theme_settings customer=../customer show_rating=../settings.show_product_rating show_compare=../show_compare show_wishlist=../show_wishlist}}\n            </li>\n        {{/each}}\n    </ul>\n{{else}}\n    <ul class=\"productList productList--maxCol{{ columns }} productList--block {{#if style}}productGrid--{{style}}{{/if}}\" data-product-type=\"new\">\n        {{#each products}}\n            <li class=\"product\">\n                {{>components/products/list-item \n                \tshow_rating=false\n                \tsummary=false\n                \tshow_compare=../show_compare\n                    show_wishlist=../show_wishlist\n                \tshow_rating=../settings.show_product_rating \n                \ttheme_settings=../theme_settings customer=../customer}}\n            </li>\n        {{/each}}\n    </ul>\t\n{{/if}}\n","components/products/price":"{{#or has_options product.options.length}}\n    {{#if price.with_tax}}\n        <div class=\"price-section price-section--withTax\" {{#if schema_org}}itemprop=\"offers\" itemscope itemtype=\"http://schema.org/Offer\"{{/if}}>\n            {{#if price.rrp_with_tax}}\n                <span data-product-rrp-with-tax class=\"price price--rrp\">{{price.rrp_with_tax.formatted}}</span>\n            {{/if}}\n            {{#if page_type '!==' 'product'}}\n                {{#if theme_settings.price_as_low_as}}\n                    <span translate>As low as </span>\n                {{/if}}\n            {{/if}}\n            <span data-product-price-with-tax class=\"price\">{{price.with_tax.formatted}}</span>\n            {{#if price.without_tax}}\n                {{lang 'products.price_with_tax' tax_label=price.tax_label}}\n            {{/if}}\n        </div>\n    {{/if}}\n    {{#if price.without_tax}}\n        <div class=\"price-section price-section--withoutTax {{#if price.with_tax}}price-section--minor{{/if}}\"  {{#if schema_org}}itemprop=\"offers\" itemscope itemtype=\"http://schema.org/Offer\"{{/if}}>\n            {{#if price.rrp_without_tax}}\n                <span data-product-rrp-without-tax class=\"price price--rrp\">{{price.rrp_without_tax.formatted}}</span>\n            {{/if}}\n            {{#if schema_org}}\n                <meta itemprop=\"price\" content=\"{{price.without_tax.value}}\">\n                <meta itemprop=\"priceCurrency\" content=\"{{currency_selector.active_currency_code}}\">\n                <meta itemprop=\"availability\" content=\"{{product.availability}}\">\n                <meta itemprop=\"itemCondition\" itemtype=\"http://schema.org/OfferItemCondition\" content=\"http://schema.org/{{product.condition}}Condition\">\n            {{/if}}\n            {{#if page_type '!==' 'product'}}\n                {{#if theme_settings.price_as_low_as}}\n                    <span translate>As low as </span>\n                {{/if}}\n            {{/if}}\n            <span data-product-price-without-tax class=\"price price--withoutTax\">{{price.without_tax.formatted}}</span>\n            {{#if price.with_tax}}\n                <abbr title=\"{{lang 'products.excluding_tax'}}\">{{lang 'products.price_without_tax' tax_label=price.tax_label}}</abbr>\n            {{/if}}\n        </div>\n    {{/if}}\n    {{#if page_type '===' 'product'}}\n        {{#if price.saved}}\n            <div class=\"price-section price-section--saving\">\n                <span class=\"price\">\n                    {{lang 'products.you_save' amount=price.saved.formatted}}\n                </span>\n            </div>\n        {{/if}}\n    {{/if}}\n{{else}}\n    {{#if price.with_tax}}\n        <div class=\"price-section price-section--withTax\" {{#if schema_org}}itemprop=\"offers\" itemscope itemtype=\"http://schema.org/Offer\"{{/if}}>\n            {{#if price.rrp_with_tax}}\n                <span data-product-rrp-with-tax class=\"price price--rrp\">{{price.rrp_with_tax.formatted}}</span>\n            {{/if}}\n            <span data-product-price-with-tax class=\"price\">{{price.with_tax.formatted}}</span>\n            {{#if price.without_tax}}\n                {{lang 'products.price_with_tax' tax_label=price.tax_label}}\n            {{/if}}\n        </div>\n    {{/if}}\n    {{#if price.without_tax}}\n        <div class=\"price-section price-section--withoutTax {{#if price.with_tax}}price-section--minor{{/if}}\"  {{#if schema_org}}itemprop=\"offers\" itemscope itemtype=\"http://schema.org/Offer\"{{/if}}>\n            {{#if price.rrp_without_tax}}\n                <span data-product-rrp-without-tax class=\"price price--rrp\">{{price.rrp_without_tax.formatted}}</span>\n            {{/if}}\n            {{#if schema_org}}\n                <meta itemprop=\"price\" content=\"{{price.without_tax.value}}\">\n                <meta itemprop=\"priceCurrency\" content=\"{{currency_selector.active_currency_code}}\">\n            {{/if}}\n            <span data-product-price-without-tax class=\"price price--withoutTax\">{{price.without_tax.formatted}}</span>\n            {{#if price.with_tax}}\n                <abbr title=\"{{lang 'products.excluding_tax'}}\">{{lang 'products.price_without_tax' tax_label=price.tax_label}}</abbr>\n            {{/if}}\n        </div>\n    {{/if}}\n    {{#if page_type '===' 'product'}}\n        {{#if price.saved}}\n            <div class=\"price-section price-section--saving\">\n                <span class=\"price\">\n                    {{lang 'products.you_save' amount=price.saved.formatted}}\n                </span>\n            </div>\n        {{/if}}\n    {{/if}}\n{{/or}}\n","components/products/ratings":"{{#for 1 5}}\n    {{#if ../this.rating '>=' $index}}\n        <span class=\"icon icon--ratingFull\">\n            <svg>\n                <use xlink:href=\"#icon-star\" />\n            </svg>\n        </span>\n    {{else}}\n        <span class=\"icon icon--ratingEmpty\">\n            <svg>\n                <use xlink:href=\"#icon-star\" />\n            </svg>\n        </span>\n    {{/if}}\n{{/for}}\n{{{snippet 'product_rating'}}}\n","components/products/top":"<div class=\"u-sep\">\n    <span class=\"u-sep-l\"></span>\n    <h2 class=\"page-heading\">{{lang 'products.top' }}</h2>\n    <span class=\"u-sep-r\"></span>\n</div>\n\n\n{{#if display_type '==' 'carousel'}}\n    {{> components/products/carousel products=products}}\n{{else if display_type '==' 'grid'}}\n    <ul class=\"productGrid productGrid--maxCol{{ columns }} {{#if style}}productGrid--{{style}}{{/if}}\" data-product-type=\"top_sellers\">\n        {{#each products}}\n            <li class=\"product\">\n                {{>components/products/card theme_settings=../theme_settings customer=../customer show_rating=../settings.show_product_rating show_compare=../show_compare show_wishlist=../show_wishlist}}\n            </li>\n        {{/each}}\n    </ul>\n{{else}}\n    <ul class=\"productList productList--maxCol{{ columns }} productList--block {{#if style}}productGrid--{{style}}{{/if}}\" data-product-type=\"top_sellers\">\n        {{#each products}}\n            <li class=\"product\">\n                {{>components/products/list-item \n                \tshow_rating=false\n                \tsummary=false\n                    show_compare=../show_compare\n                    show_wishlist=../show_wishlist\n                \tshow_rating=../settings.show_product_rating \n                \ttheme_settings=../theme_settings customer=../customer}}\n            </li>\n        {{/each}}\n    </ul>\t\n{{/if}}\n"}
