{"components/papa-parallaxbag/sections/section-testimonials":"<div class=\"emthemesModez-section emthemesModez-section--parallaxbag-testimonial\">\n\t<div class=\"parallabag-testimonialSection\">\n\t\t{{#if (lang 'parallaxbag.testimonials.heading') '!==' ' '}}\n\t\t<h2 class=\"page-heading\">Testimonials</h2>\n\t\t{{/if}}\n\t\t<div class=\"parallabag-testimonialSection-carousel\" data-slick='{\n\t\t\t\"dots\": false,\n\t\t\t\"infinite\": false,\n\t\t\t\"mobileFirst\": true,\n\t\t\t\"slidesToShow\": 1,\n\t\t\t\"slidesToScroll\": 1\n\t\t}'>\n\t\t\t{{#for 1 5}}\n\t\t\t\t{{#if (lang (concat 'parallaxbag.testimonials.text_' $index)) '!==' ' '}}\n\t\t\t\t\t<div class=\"parallabag-testimonialSection-item\">\n\t\t\t\t\t\t<div class=\"parallabag-testimonialSection-image\"><img src=\"{{lang (concat 'parallaxbag.testimonials.img_' $index)}}\" alt=\"{{lang (concat 'parallaxbag.testimonials.author_' $index)}}\" /></div>\n\t\t\t\t\t\t<div class=\"parallabag-testimonialSection-authorGroup\">\n\t\t\t\t\t\t\t<span class=\"parallabag-testimonialSection-author\">{{lang (concat 'parallaxbag.testimonials.author_' $index)}}</span>\n\t\t\t\t\t\t\t<span class=\"parallabag-testimonialSection-separator\">/</span>\n\t\t\t\t\t\t\t<span class=\"parallabag-testimonialSection-position\">{{lang (concat 'parallaxbag.testimonials.position_' $index)}}</span>\n\t\t\t\t\t\t</div>\n\t\t\t\t\t\t<div class=\"parallabag-testimonialSection-text\">{{{lang (concat 'parallaxbag.testimonials.text_' $index)}}}</div>\n\t\t\t\t\t</div>\n\t\t\t\t{{/if}}\n\t\t\t{{/for}}\n\t\t</div>\n\t</div>\n</div>\n"}
