{"components/emthemes-modez/instagram/carousel":"<div class=\"emthemesModez-instafeed-container 1234 {{#if style}}emthemesModez-instafeed-container--{{style}}{{/if}}\">\r\n    {{#unless hide_heading}}\r\n    <h2 class=\"page-heading\">{{lang 'instagram.title'}}</h2>\r\n    {{/unless}}\r\n    {{#if show_subheading}}\r\n    <div class=\"emthemesModez-instafeed-desc\">{{{lang 'instagram.description'}}}</div>\r\n    {{/if}}\r\n\r\n    <div id=\"instafeed\" class=\"emthemesModez-instafeed emthemesModez-instafeed--carousel {{#if style}}emthemesModez-instafeed--{{style}}{{/if}}\" \r\n        data-emthemesmodez-instafeed-carousel='{\r\n            \"dots\": false,\r\n            \"infinite\": false,\r\n            \"mobileFirst\": true,\r\n            \"slidesToShow\": 2,\r\n            \"slidesToScroll\": 2,\r\n            \"responsive\": [\r\n                {\r\n                    \"breakpoint\": 1260,\r\n                    \"settings\": {\r\n                        \"slidesToScroll\": 2,\r\n                        \"slidesToShow\": {{#if columns}}{{columns}}{{else}}6{{/if}}\r\n                    }\r\n                },\r\n                {\r\n                    \"breakpoint\": 800,\r\n                    \"settings\": {\r\n                        \"slidesToScroll\": 2,\r\n                        \"slidesToShow\": {{#if columns}}{{columns}}{{else}}6{{/if}}\r\n                    }\r\n                },\r\n                {\r\n                    \"breakpoint\": 550,\r\n                    \"settings\": {\r\n                        \"slidesToScroll\": 2,\r\n                        \"slidesToShow\": 2\r\n                    }\r\n                }\r\n            ]}'\r\n    ></div>\r\n</div>\r\n\r\n{{!--\r\n<script type=\"text/javascript\" src=\"{{cdn '/assets/vendor/instafeed/instafeed.min.js'}}\"></script>\r\n--}}\r\n<script src=\"https://unpkg.com/instafeed.js@2.0.0-rc2/src/instafeed.js\" ></script>\r\n<script type=\"text/javascript\">\r\n// <![[\r\n    document.addEventListener('DOMContentLoaded', function () {\r\n        \"use strict\";\r\n        var feed = new Instafeed({\r\n            target: 'instafeed',\r\n            get: 'user',\r\n            userId: '{{lang \"instagram.user_id\"}}',\r\n            clientId: '{{lang \"instagram.client_id\"}}',\r\n            accessToken: '{{lang \"instagram.access_token\"}}',\r\n            resolution: 'thumbnail',\r\n            template: '<div class=\"emthemesModez-instafeed-item\"><a href=\"{{link}}\" target=\"_blank\" id=\"{{id}}\"><img src=\"{{image}}\" /></a></div>',\r\n            sortBy: 'most-recent',\r\n            limit: 12,\r\n            links: false,\r\n            debug:true,\r\n            after: function() {\r\n                document.getElementById(this.options.target).dispatchEvent(new CustomEvent(\"instafeedAfter\"));\r\n            }\r\n        });\r\n        feed.run();\r\n    });\r\n// ]]>\r\n</script>\r\n"}
