{
  "components/emthemes-modez/sections/section-carousel": "<section class=\"emthemesModez-imageCarousel\"\r\n    data-slick='{\r\n        \"centerMode\": true,\r\n        \"centerPadding\": \"12.5%\",\r\n        \"dots\": true,\r\n        \"mobileFirst\": true,\r\n        \"slidesToShow\": 1,\r\n        \"slidesToScroll\": 1\r\n    }'>\r\n    {{> components/emthemes-modez/sections/section-carousel-slide \r\n        image=(lang 'emthemesmodez.image_carousel.image_1')\r\n        image_alt=(lang 'emthemesmodez.image_carousel.image_alt_1')\r\n        heading=(lang 'emthemesmodez.image_carousel.heading_1')\r\n        text=(lang 'emthemesmodez.image_carousel.text_1')\r\n        button=(lang 'emthemesmodez.image_carousel.button_1')\r\n        url=(lang 'emthemesmodez.image_carousel.url_1')\r\n    }}\r\n    {{> components/emthemes-modez/sections/section-carousel-slide \r\n        image=(lang 'emthemesmodez.image_carousel.image_2')\r\n        image_alt=(lang 'emthemesmodez.image_carousel.image_alt_2')\r\n        heading=(lang 'emthemesmodez.image_carousel.heading_2')\r\n        text=(lang 'emthemesmodez.image_carousel.text_2')\r\n        button=(lang 'emthemesmodez.image_carousel.button_2')\r\n        url=(lang 'emthemesmodez.image_carousel.url_2')\r\n    }}\r\n    {{> components/emthemes-modez/sections/section-carousel-slide \r\n        image=(lang 'emthemesmodez.image_carousel.image_3')\r\n        image_alt=(lang 'emthemesmodez.image_carousel.image_alt_3')\r\n        heading=(lang 'emthemesmodez.image_carousel.heading_3')\r\n        text=(lang 'emthemesmodez.image_carousel.text_3')\r\n        button=(lang 'emthemesmodez.image_carousel.button_3')\r\n        url=(lang 'emthemesmodez.image_carousel.url_3')\r\n    }}\r\n    {{> components/emthemes-modez/sections/section-carousel-slide \r\n        image=(lang 'emthemesmodez.image_carousel.image_4')\r\n        image_alt=(lang 'emthemesmodez.image_carousel.image_alt_4')\r\n        heading=(lang 'emthemesmodez.image_carousel.heading_4')\r\n        text=(lang 'emthemesmodez.image_carousel.text_4')\r\n        button=(lang 'emthemesmodez.image_carousel.button_4')\r\n        url=(lang 'emthemesmodez.image_carousel.url_4')\r\n    }}\r\n    {{> components/emthemes-modez/sections/section-carousel-slide \r\n        image=(lang 'emthemesmodez.image_carousel.image_5')\r\n        image_alt=(lang 'emthemesmodez.image_carousel.image_alt_5')\r\n        heading=(lang 'emthemesmodez.image_carousel.heading_5')\r\n        text=(lang 'emthemesmodez.image_carousel.text_5')\r\n        button=(lang 'emthemesmodez.image_carousel.button_5')\r\n        url=(lang 'emthemesmodez.image_carousel.url_5')\r\n    }}\r\n</section>\r\n",
  "components/emthemes-modez/sections/section-carousel-slide": "{{#if image}}\n{{#if image '!=' ' '}}\n<div class=\"emthemesModez-imageCarousel-slide\">\n    <a href=\"{{url}}\">\n        <img class=\"emthemesModez-imageCarousel-image\" src=\"{{image}}\" alt=\"{{image_alt}}\" title=\"{{image_alt}}\"/>\n\n        <div class=\"emthemesModez-imageCarousel-content\">\n            {{#if heading '!=' ' '}}\n            <h3 class=\"emthemesModez-imageCarousel-title\">{{heading}}</h3>\n            {{/if}}\n\n            {{#if text '!=' ' '}}\n            <p class=\"emthemesModez-imageCarousel-description\">{{text}}</p>\n            {{/if}}\n\n            {{#if button '!=' ' '}}\n                <span class=\"emthemesModez-imageCarousel-action button button--primary button--large\">{{button}}</span>\n            {{/if}}\n        </div>\n    </a>\n</div>\n{{/if}}\n{{/if}}\n"
}