{
  "components/search/product-listing": "{{#if product_results.products.length}}\n    {{> components/products/filter sort=pagination.product_results.sort}}\n{{/if}}\n<form action=\"{{urls.compare}}\" method='POST' data-product-compare>\n    {{#if theme_settings.product_list_display_mode '===' 'grid'}}\n        {{> components/products/grid products=product_results.products show_compare=product_results.show_compare theme_settings=theme_settings}}\n    {{else}}\n        {{> components/products/list products=product_results.products show_compare=product_results.show_compare theme_settings=theme_settings}}\n    {{/if}}\n</form>\n\n{{> components/common/paginator pagination.product_results}}\n",
  "components/products/filter": "<form class=\"actionBar\" method=\"get\" data-sort-by>\n    {{> components/category/sort-box sort=sort}}\n</form>\n",
  "components/products/grid": "<ul class=\"productGrid\">\n    {{#each products}}\n    <li class=\"product\">\n        {{>components/products/card show_compare=../show_compare show_wishlist=../settings.show_wishlist show_rating=../settings.show_product_rating theme_settings=../theme_settings customer=../customer}}\n    </li>\n    {{/each}}\n</ul>\n",
  "components/products/list": "<ul class=\"productList\">\n    {{#each products}}\n    <li class=\"product\">\n        {{>components/products/list-item \n        \tshow_compare=../show_compare\n        \tshow_wishlist=../settings.show_wishlist\n        \tshow_rating=../settings.show_product_rating\n        \ttheme_settings=../theme_settings}}\n    </li>\n    {{/each}}\n</ul>\n",
  "components/common/paginator": "<div class=\"pagination\">\n    <ul class=\"pagination-list\">\n        {{#if previous}}\n            <li class=\"pagination-item pagination-item--previous\">\n                <a class=\"pagination-link\" href=\"{{previous}}\" {{#unless reload}}data-faceted-search-facet{{/unless}}>\n                    <i class=\"icon\" aria-hidden=\"true\">\n                        <svg>\n                            <use xmlns:xlink=\"http://www.w3.org/1999/xlink\" xlink:href=\"#icon-chevron-left\"></use>\n                        </svg>\n                    </i>\n                    {{lang 'common.previous'}}\n                </a>\n            </li>\n        {{/if}}\n        {{#each links}}\n            {{#if this.number '==' ../current}}\n                <li class=\"pagination-item pagination-item--current\">\n                    <a class=\"pagination-link\" href=\"{{this.url}}\" {{#unless reload}}data-faceted-search-facet{{/unless}}>{{this.number}}</a>\n                </li>\n            {{else}}\n                <li class=\"pagination-item\">\n                    <a class=\"pagination-link\" href=\"{{this.url}}\" {{#unless reload}}data-faceted-search-facet{{/unless}}>{{this.number}}</a>\n                </li>\n            {{/if}}\n        {{/each}}\n\n        {{#if next}}\n            <li class=\"pagination-item pagination-item--next\">\n                <a class=\"pagination-link\" href=\"{{next}}\" {{#unless reload}}data-faceted-search-facet{{/unless}}>\n                    {{lang 'common.next'}}\n                    <i class=\"icon\" aria-hidden=\"true\">\n                        <svg>\n                            <use xmlns:xlink=\"http://www.w3.org/1999/xlink\" xlink:href=\"#icon-chevron-right\"></use>\n                        </svg>\n                    </i>\n                </a>\n            </li>\n        {{/if}}\n    </ul>\n</div>\n",
  "components/category/sort-box": "<fieldset class=\"form-fieldset actionBar-section\">\n    <div class=\"form-field\">\n        <label class=\"form-label\" for=\"sort\">{{lang 'common.sorter.sort_by'}}</label>\n        <select class=\"form-select form-select--small\" name=\"sort\" id=\"sort\">\n            <option value=\"featured\" {{#if sort '==' 'featured'}}selected{{/if}}>{{lang 'common.sorter.featured'}}</option>\n            <option value=\"newest\" {{#if sort '==' 'newest'}}selected{{/if}}>{{lang 'common.sorter.newest'}}</option>\n            <option value=\"bestselling\" {{#if sort '==' 'bestselling'}}selected{{/if}}>{{lang 'common.sorter.top_sellers'}}</option>\n            <option value=\"alphaasc\" {{#if sort '==' 'alphaasc'}}selected{{/if}}>{{lang 'common.sorter.alpha_asc'}}</option>\n            <option value=\"alphadesc\" {{#if sort '==' 'alphadesc'}}selected{{/if}}>{{lang 'common.sorter.alpha_desc'}}</option>\n            <option value=\"avgcustomerreview\" {{#if sort '==' 'avgcustomerreview'}}selected{{/if}}>{{lang 'common.sorter.reviews'}}</option>\n            <option value=\"priceasc\" {{#if sort '==' 'priceasc'}}selected{{/if}}>{{lang 'common.sorter.price_asc'}}</option>\n            <option value=\"pricedesc\" {{#if sort '==' 'pricedesc'}}selected{{/if}}>{{lang 'common.sorter.price_desc'}}</option>\n            {{#if result_count}}\n                <option value=\"relevance\" {{#if sort '==' 'relevance'}}selected{{/if}}>{{lang 'common.sorter.relevance'}}</option>\n            {{/if}}\n        </select>\n    </div>\n</fieldset>\n\n",
  "components/products/card": "<article class=\"card {{#if alternate}}card--alternate{{/if}} {{#if style}}card--{{style}}{{/if}}\">\r\n    <figure class=\"card-figure\">\r\n        {{#or price.non_sale_price_with_tax price.non_sale_price_without_tax}}\r\n            {{#if theme_settings.product_sale_badges '===' 'sash'}}\r\n                <div class=\"sale-flag-sash\">\r\n                    <span class=\"sale-text\">{{lang 'emthemesmodez.on_sale'}}</span>\r\n                </div>\r\n            {{else if theme_settings.product_sale_badges '===' 'topleft'}}\r\n                <div class=\"sale-flag-side\">\r\n                    <span class=\"sale-text\">{{lang 'emthemesmodez.on_sale'}}</span>\r\n                </div>\r\n            {{else if theme_settings.product_sale_badges '===' 'burst'}}\r\n                <div class=\"starwrap\">\r\n                    <div class=\"sale-text-burst\">{{lang 'emthemesmodez.on_sale'}}</div>\r\n                    <div class=\"sale-flag-star\"></div>\r\n                </div>\r\n            {{/if}}\r\n        {{/or}}\r\n        {{#if theme_settings.show_product_card_custom_label}}\r\n            {{#each custom_fields}}\r\n                {{#if name '==' 'card_label'}}\r\n                    <div class=\"sale-flag-side sale-flag-side--custom\">\r\n                        <span class=\"sale-text\">{{value}}</span>\r\n                    </div>\r\n                {{/if}}\r\n            {{/each}}\r\n        {{/if}}\r\n        <a href=\"{{url}}\">\r\n            <img class=\"card-image\" src=\"{{getImage image 'productgallery_size' (cdn theme_settings.default_image_product)}}\" alt=\"{{image.alt}}\" title=\"{{image.alt}}\">\r\n            {{#if theme_settings.show_product_image_alt}}\r\n                {{#each (limit images 2)}}\r\n                    {{#if @index '>' 0}}\r\n                        <img class=\"card-image\" src=\"{{getImage this 'productgallery_size' (cdn theme_settings.default_image_product)}}\" alt=\"{{this.alt}}\" title=\"{{this.alt}}\">\r\n                    {{/if}}\r\n                {{/each}}\r\n            {{/if}}\r\n        </a>\r\n        <figcaption class=\"card-figcaption\">\r\n            <div class=\"card-figcaption-body\">\r\n                <div class=\"card-figcaption-body-bottomGroup\">\r\n                    {{#unless hide_product_quick_view}}\r\n                        {{#if theme_settings.show_product_quick_view}}\r\n                            <a href=\"#\" class=\"button button--small card-figcaption-button quickview\" data-product-id=\"{{id}}\">{{lang 'products.quick_view'}}</a>\r\n                        {{/if}}\r\n                    {{/unless}}\r\n                </div>\r\n                <div class=\"card-figcaption-body-rightGroup\">\r\n                    {{#or customer (if theme_settings.restrict_to_login '!==' true)}}\r\n                        {{#if show_cart_action}}\r\n                            {{#if has_options}}\r\n                                <a href=\"{{url}}\" class=\"button button--small card-figcaption-button\" data-product-id=\"{{id}}\" data-tooltip=\"{{lang 'products.choose_options'}}\"><span class=\"card-figcaption-button-icon emthemesModez-icon-linear-cart\"></span><span class=\"card-figcaption-button-text\">{{lang 'products.choose_options'}}</span></a>\r\n                            {{/if}}\r\n                            {{#if pre_order}}\r\n                                <a href=\"{{url}}\" class=\"button button--small card-figcaption-button\" data-tooltip=\"{{lang 'products.pre_order'}}\"><span class=\"card-figcaption-button-icon emthemesModez-icon-linear-cart\"></span><span class=\"card-figcaption-button-text\">{{lang 'products.pre_order'}}</span></a>\r\n                            {{/if}}\r\n                            {{#if add_to_cart_url }}\r\n                                <a href=\"{{add_to_cart_url}}\" class=\"button button--small card-figcaption-button\" data-tooltip=\"{{lang 'products.add_to_cart'}}\"><span class=\"card-figcaption-button-icon emthemesModez-icon-linear-cart\"></span><span class=\"card-figcaption-button-text\">{{lang 'products.add_to_cart'}}</span></a>\r\n                            {{/if}}\r\n                            {{#if out_of_stock_message }}\r\n                                <a href=\"{{url}}\" class=\"button button--small card-figcaption-button\" data-product-id=\"{{id}}\" data-tooltip=\"{{out_of_stock_message}}\"><span class=\"card-figcaption-button-icon emthemesModez-icon-linear-cart\"></span><span class=\"card-figcaption-button-text\">{{out_of_stock_message}}</span></a>\r\n                            {{/if}}\r\n                        {{/if}}\r\n                    {{/or}}\r\n                    {{#if show_compare}}\r\n                        <label class=\"button button--small card-figcaption-button card-figcaption-button--compare\" for=\"compare-{{id}}\" data-tooltip=\"{{lang 'products.compare'}}\">\r\n                            <span class=\"card-figcaption-button-icon emthemesModez-icon-compare_arrows\"></span><span class=\"card-figcaption-button-text\">{{lang 'products.compare'}}</span> <input type=\"checkbox\" name=\"products[]\" value=\"{{id}}\" id=\"compare-{{id}}\" data-compare-id=\"{{id}}\">\r\n                        </label>\r\n                    {{/if}}\r\n                    {{#if show_wishlist}}\r\n                        <form class=\"form\" method=\"post\" action=\"{{add_to_wishlist_url}}\" data-wishlist-add>\r\n                            <div class=\"form-action\">\r\n                                <input type=\"hidden\" name=\"variation_id\" value=\"\">\r\n                                <button class=\"button card-figcaption-button card-figcaption-button--wishlist\" type=\"submit\" data-tooltip=\"{{lang 'account.wishlists.add_item'}}\"><span class=\"card-figcaption-button-icon emthemesModez-icon-heart\"></span><span class=\"card-figcaption-button-text\">{{lang 'account.wishlists.add_item'}}</span></button>\r\n                            </div>\r\n                        </form>\r\n                    {{/if}}\r\n                </div>\r\n            </div>\r\n        </figcaption>\r\n    </figure>\r\n    <div class=\"card-body\">\r\n        <h4 class=\"card-title\">\r\n            <a href=\"{{url}}\">{{name}}</a>\r\n        </h4>\r\n        \r\n        <!-- Shopper Approved - templates/components/products/card -->\r\n        <div class=\"star_container {{id}}_parent\"></div>\r\n        <!-- END Shopper Approved - templates/components/products/card -->\r\n\r\n        {{#unless theme_settings.hide_product_card_price}}\r\n        <div class=\"card-text card-text--price\" data-test-info-type=\"price\">\r\n            {{#or customer (if theme_settings.restrict_to_login '!==' true)}}\r\n                {{> components/products/price price=price customer=customer}}\r\n            {{else}}\r\n                {{> components/common/login-for-pricing}}\r\n            {{/or}}\r\n        </div>\r\n        {{/unless}}\r\n\r\n        {{#if theme_settings.show_product_card_color}}\r\n            {{#each custom_fields}}\r\n                {{#if name '==' 'card_color'}}\r\n                    <div class=\"card-text card-text--colors\" data-emthemesmodez-card-colors=\"{{value}}\">\r\n                        {{value}}\r\n                    </div>\r\n                {{/if}}\r\n            {{/each}}\r\n        {{/if}}\r\n\r\n        {{#if show_rating}}\r\n            <p class=\"card-text card-text--rating\" data-test-info-type=\"productRating\">\r\n                <span class=\"rating--small\">\r\n                    {{> components/products/ratings rating=rating}}\r\n                </span>\r\n            </p>\r\n        {{/if}}\r\n\r\n        {{#if brand.name}}\r\n            <p class=\"card-text card-text--brand\" data-test-info-type=\"brandName\">{{brand.name}}</p>\r\n        {{/if}}\r\n    </div>\r\n</article>\r\n",
  "components/products/list-item": "<article class=\"listItem\">\n    <figure class=\"listItem-figure\">\n        <img class=\"listItem-image\" src=\"{{getImage image 'productgallery_size' (cdn theme_settings.default_image_product)}}\" alt=\"{{image.alt}}\" title=\"{{image.alt}}\">\n        <figcaption class=\"listItem-figcaption\">\n            <div class=\"listItem-figcaption-buttons\">\n                {{#unless hide_product_quick_view}}\n                    {{#if theme_settings.show_product_quick_view}}\n                        <a href=\"#\" class=\"button button--small listItem-figcaption-button quickview\" data-product-id=\"{{id}}\">{{lang 'products.quick_view'}}</a>\n                    {{/if}}\n                {{/unless}}\n            </div>\n        </figcaption>\n    </figure>\n    <div class=\"listItem-body\">\n        <div class=\"listItem-content\">\n            <div class=\"listItem-details\">\n                {{#if show_rating}}\n                    <p class=\"listItem-rating\">{{> components/products/ratings rating=rating}}</p>\n                {{/if}}\n                {{#if brand.name}}\n                <p class=\"listItem-brand\">{{brand.name}}</p>\n                {{/if}}\n                <h4 class=\"listItem-title\">\n                    <a href=\"{{url}}\">{{name}}</a>\n                </h4>\n                {{#if summary}}\n                    <p>{{summary}}</p>\n                {{/if}}\n            </div>\n            <div class=\"listItem-actions\">\n                {{#unless theme_settings.hide_product_card_price}}\n                {{#if price}}\n                    <div class=\"listItem-price\">{{> components/products/price price=price}}</div>\n                {{/if}}\n                {{/unless}}\n\n                <div class=\"listItem-actions-buttons\">\n                    {{#unless hide_add_to_cart}}\n                        {{#or customer (if theme_settings.restrict_to_login '!==' true)}}\n                            {{#if show_cart_action}}\n                                {{#if has_options}}\n                                    <a href=\"{{url}}\" class=\"button button--small listItem-button\" data-product-id=\"{{id}}\" data-tooltip=\"{{lang 'products.choose_options'}}\"><span class=\"listItem-button-icon emthemesModez-icon-linear-cart\"></span><span class=\"listItem-button-text\">{{lang 'products.choose_options'}}</span></a>\n                                {{/if}}\n                                {{#if pre_order}}\n                                    <a href=\"{{url}}\" class=\"button button--small listItem-button\" data-tooltip=\"{{lang 'products.pre_order'}}\"><span class=\"listItem-button-icon emthemesModez-icon-linear-cart\"></span><span class=\"listItem-button-text\">{{lang 'products.pre_order'}}</span></a>\n                                {{/if}}\n                                {{#if add_to_cart_url }}\n                                    <a href=\"{{add_to_cart_url}}\" class=\"button button--small listItem-button\" data-tooltip=\"{{lang 'products.add_to_cart'}}\"><span class=\"listItem-button-icon emthemesModez-icon-linear-cart\"></span><span class=\"listItem-button-text\">{{lang 'products.add_to_cart'}}</span></a>\n                                {{/if}}\n                                {{#if out_of_stock_message }}\n                                    <a href=\"{{url}}\" class=\"button button--small listItem-button\" data-product-id=\"{{id}}\" data-tooltip=\"{{out_of_stock_message}}\"><span class=\"listItem-button-icon emthemesModez-icon-linear-cart\"></span><span class=\"listItem-button-text\">{{out_of_stock_message}}</span></a>\n                                {{/if}}\n                            {{/if}}\n                        {{/or}}\n                    {{/unless}}\n                    {{#if show_compare}}\n                        <label class=\"button button--small listItem-button listItem-button--compare\" for=\"compare-{{id}}\" data-tooltip=\"{{lang 'products.compare'}}\">\n                            <span class=\"listItem-button-icon emthemesModez-icon-compare_arrows\"></span><span class=\"listItem-button-text\">{{lang 'products.compare'}}</span> <input type=\"checkbox\" name=\"products[]\" value=\"{{id}}\" id=\"compare-{{id}}\" data-compare-id=\"{{id}}\">\n                        </label>\n                    {{/if}}\n                    {{#if show_wishlist}}\n                        <form class=\"form\" method=\"post\" action=\"{{add_to_wishlist_url}}\" data-wishlist-add>\n                            <div class=\"form-action\">\n                                <input type=\"hidden\" name=\"variation_id\" value=\"\">\n                                <button class=\"button listItem-button listItem-button--wishlist\" type=\"submit\" data-tooltip=\"{{lang 'account.wishlists.add_item'}}\"><span class=\"listItem-button-icon emthemesModez-icon-heart\"></span><span class=\"listItem-button-text\">{{lang 'account.wishlists.add_item'}}</span></button>\n                            </div>\n                        </form>\n                    {{/if}}\n                </div>\n            </div>\n        </div>\n    </div>\n</article>\n",
  "components/products/price": "{{#or has_options product.options.length}}\n    {{#if price.with_tax}}\n        <div class=\"price-section price-section--withTax\" {{#if schema_org}}itemprop=\"offers\" itemscope itemtype=\"http://schema.org/Offer\"{{/if}}>\n            {{#if price.rrp_with_tax}}\n                <span data-product-rrp-with-tax class=\"price price--rrp\">{{price.rrp_with_tax.formatted}}</span>\n            {{/if}}\n            {{#if page_type '!==' 'product'}}\n                {{#if theme_settings.price_as_low_as}}\n                    <span translate>As low as </span>\n                {{/if}}\n            {{/if}}\n            <span data-product-price-with-tax class=\"price\">{{price.with_tax.formatted}}</span>\n            {{#if price.without_tax}}\n                {{lang 'products.price_with_tax' tax_label=price.tax_label}}\n            {{/if}}\n        </div>\n    {{/if}}\n    {{#if price.without_tax}}\n        <div class=\"price-section price-section--withoutTax {{#if price.with_tax}}price-section--minor{{/if}}\"  {{#if schema_org}}itemprop=\"offers\" itemscope itemtype=\"http://schema.org/Offer\"{{/if}}>\n            {{#if price.rrp_without_tax}}\n                <span data-product-rrp-without-tax class=\"price price--rrp\">{{price.rrp_without_tax.formatted}}</span>\n            {{/if}}\n            {{#if schema_org}}\n                <meta itemprop=\"price\" content=\"{{price.without_tax.value}}\">\n                <meta itemprop=\"priceCurrency\" content=\"{{currency_selector.active_currency_code}}\">\n                <meta itemprop=\"availability\" content=\"{{product.availability}}\">\n                <meta itemprop=\"itemCondition\" itemtype=\"http://schema.org/OfferItemCondition\" content=\"http://schema.org/{{product.condition}}Condition\">\n            {{/if}}\n            {{#if page_type '!==' 'product'}}\n                {{#if theme_settings.price_as_low_as}}\n                    <span translate>As low as </span>\n                {{/if}}\n            {{/if}}\n            <span data-product-price-without-tax class=\"price price--withoutTax\">{{price.without_tax.formatted}}</span>\n            {{#if price.with_tax}}\n                <abbr title=\"{{lang 'products.excluding_tax'}}\">{{lang 'products.price_without_tax' tax_label=price.tax_label}}</abbr>\n            {{/if}}\n        </div>\n    {{/if}}\n    {{#if page_type '===' 'product'}}\n        {{#if price.saved}}\n            <div class=\"price-section price-section--saving\">\n                <span class=\"price\">\n                    {{lang 'products.you_save' amount=price.saved.formatted}}\n                </span>\n            </div>\n        {{/if}}\n    {{/if}}\n{{else}}\n    {{#if price.with_tax}}\n        <div class=\"price-section price-section--withTax\" {{#if schema_org}}itemprop=\"offers\" itemscope itemtype=\"http://schema.org/Offer\"{{/if}}>\n            {{#if price.rrp_with_tax}}\n                <span data-product-rrp-with-tax class=\"price price--rrp\">{{price.rrp_with_tax.formatted}}</span>\n            {{/if}}\n            <span data-product-price-with-tax class=\"price\">{{price.with_tax.formatted}}</span>\n            {{#if price.without_tax}}\n                {{lang 'products.price_with_tax' tax_label=price.tax_label}}\n            {{/if}}\n        </div>\n    {{/if}}\n    {{#if price.without_tax}}\n        <div class=\"price-section price-section--withoutTax {{#if price.with_tax}}price-section--minor{{/if}}\"  {{#if schema_org}}itemprop=\"offers\" itemscope itemtype=\"http://schema.org/Offer\"{{/if}}>\n            {{#if price.rrp_without_tax}}\n                <span data-product-rrp-without-tax class=\"price price--rrp\">{{price.rrp_without_tax.formatted}}</span>\n            {{/if}}\n            {{#if schema_org}}\n                <meta itemprop=\"price\" content=\"{{price.without_tax.value}}\">\n                <meta itemprop=\"priceCurrency\" content=\"{{currency_selector.active_currency_code}}\">\n            {{/if}}\n            <span data-product-price-without-tax class=\"price price--withoutTax\">{{price.without_tax.formatted}}</span>\n            {{#if price.with_tax}}\n                <abbr title=\"{{lang 'products.excluding_tax'}}\">{{lang 'products.price_without_tax' tax_label=price.tax_label}}</abbr>\n            {{/if}}\n        </div>\n    {{/if}}\n    {{#if page_type '===' 'product'}}\n        {{#if price.saved}}\n            <div class=\"price-section price-section--saving\">\n                <span class=\"price\">\n                    {{lang 'products.you_save' amount=price.saved.formatted}}\n                </span>\n            </div>\n        {{/if}}\n    {{/if}}\n{{/or}}\n",
  "components/common/login-for-pricing": "<p translate>Log in for pricing</p>\n",
  "components/products/ratings": "{{#for 1 5}}\n    {{#if ../this.rating '>=' $index}}\n        <span class=\"icon icon--ratingFull\">\n            <svg>\n                <use xlink:href=\"#icon-star\" />\n            </svg>\n        </span>\n    {{else}}\n        <span class=\"icon icon--ratingEmpty\">\n            <svg>\n                <use xlink:href=\"#icon-star\" />\n            </svg>\n        </span>\n    {{/if}}\n{{/for}}\n{{{snippet 'product_rating'}}}\n"
}